"","C_b10_2","C_b11_2","C_b12_11","C_b14_3","C_b17_10","C_b17_4","C_b18_7","C_b19_12","C_b21_6","C_b22_6","C_b22_8","C_b23_8","C_b24_3","C_b5_13","C_b6_6","C_b7_6","C_b8_4","H_b10_3","H_b10_4","H_b11_3","H_b11_4","H_b12_12","H_b12_13","H_b14_4","H_b14_5","H_b17_11","H_b17_12","H_b17_5","H_b17_6","H_b18_8","H_b18_9","H_b19_13","H_b19_14","H_b21_7","H_b21_9","H_b22_10","H_b22_11","H_b22_7","H_b22_9","H_b23_10","H_b23_9","H_b24_4","H_b24_5","H_b5_14","H_b5_15","H_b6_7","H_b6_8","H_b7_7","H_b7_8","H_b8_5","H_b8_6","fd","P_value","P_value_adjust"
"CON_IPI00694107.2.SWISS.PROT.P02584",4406.54,12375.1,0,3697.62,8592.27,12325.73,13764.2,9745.32,19423.3,23503.3,6731.34,6511.27,14673.6,3809,5869.04,15321.6,9346.73,3029.02,5264.41,3897.68,3186.1,6158.65,3957.15,2447.595,5316.63,3704.48,6283.43,688.691,3406.78,3413.79,4926.57,5434.98,5080.65,760.29,7270.04,4993.71,4947.52,3628.36,10299.4,8848.94,6533.14,6160.12,6721.79,3231.22,893.226,2758.25,2221.32,2779.94,5829.81,1661.02,2822.75,-1.19532789947655,0.00168826350740141,0.0175533150975023
"O00154",4621.11,5401.955,5659.75,3479.36,2358.91,5046.255,1122.89,850.732,7268.79,9532.72,24400.6,6689.46,12491.9,6136.17,3362.33,7630.21,6302.2,6536.19,5241.35,766.212,0,0,0,475.1335,1731.62,529.389,0,2932.41,0,595.201,0,2722.23,836.79,0,779.772,2861.1,6568.22,4563.13,3250.56,5855.51,350.097,6603.08,2945.12,1962.64,0,5586.56,0,0,6265.22,278.09,0,-1.67779384335286,0.00379476780802531,0.0311938133533344
"O00299",37019.7,41196.85,45682.1,52196.2,12934.6,26723.95,53515.5,40529,43032.5,89148.2,41914.3,31003.2,73341.6,24203.4,53506.1,48992.2,32645.9,18532.2,84299,66679.1,19813,4613.87,5260.61,23336.55,17754.8,27683.8,34539,9739.4,3622.37,77927.6,6702.41,19889.9,17177.8,8782.92,37104,18977.4,16381.4,67837.8,36030.6,32189.3,12617.1,14925.2,16836.8,31415.5,5401.19,28058.4,20390.3,9093.56,17865.3,10363,22920.4,-0.823693979202698,0.00164548241502407,0.0172847312770433
"O00571",7654.635,21789.6,6279.27,4739.57,9243.55,11691.595,7429.57,15387.3,9012.95,10849.9,17898.8,13397.8,10826.5,11279.3,11735.9,9669.13,8033.805,2931.44,12046.7,10073.6,12265.2,2932.81,3137.07,3975.115,10363.8,4709.13,7207.33,1681.42,3733.6,5630.36,1803.43,4429.13,4345.95,15080.8,5991.74,9465.85,7970.6,11800.8,13175.8,17262.5,9805.5,9655.88,5391.76,11305.6,3732.72,12876.3,7856.51,3277.53,6131.76,3725.79,4879.34,-0.576723850310032,0.00711283589778697,0.0479879328570694
"O15143",3986.355,13028.05,3753.14,3880.8,3299.57,2250,11467.9,3269.58,14784.2,13634.5,6601.16,13807.3,12007.5,7192.97,6797.28,8818.14,13529.3,1035.97,4199.69,1428.83,3843.6,1167.35,2076.73,5488.52,1612.08,1878.18,1378.39,631.585,245.124,904.991,1749.03,3831.1,1327.47,1103.81,5975.77,4803,5447.97,5316,14021.8,13322.8,6002.58,3056.595,7333.06,1395.92,2351.52,7471.23,4917.82,4184.86,1861.07,1107.98,2359.03,-1.1870036749433,0.000818412009438785,0.0103242334930311
"O15144",12202.02,16743.3,11357.2,19454.3,5225.06,13027.7,27922.7,17091.6,20570.1,32440.1,20069,27063.3,36105.4,15774.1,13070.8,13994,27780.85,16356,6841.89,4212.27,18357,6990.87,7115.84,11119.81,2619.53,3368.56,12644.2,771.001,7115.74,473.801,4089.19,11423.3,3098.24,4737.55,17705,9366.34,4570.38,8793.87,27379.5,29394.1,22106.6,7310.775,14477.5,6437.93,8158.33,3479.31,23810,11551.4,1791.66,5772.06,5966.87,-1.00212307727897,0.000333207389179648,0.00551791436481497
"O15145",9761.98,21047.85,5548.7,19092.6,22583.9,9189.095,21740.9,6210.18,16579.2,33486.3,10463.4,9128.04,23133.1,12463.4,20418.5,26614.6,9796.755,6904.45,8887.59,11969.5,5830.93,3358.56,5597.79,11274.975,5272.47,6354.55,2950.18,3384.4,2278.74,0,8926.1,12832.5,4257.27,4081.9,15675.8,4341.33,6309.68,18305.6,25663.5,19836.9,12832.8,7025.355,20491.8,13842.6,3533.83,8213.55,22430.8,6296.54,1670.43,6747.8,11333.6,-0.84496162158292,0.00313385579966137,0.0268824806458193
"O15400",1927.435,3211.8075,2645.19,5238.99,1708.05,3902.16,2287.24,5363.01,8249.67,7206.61,5475.22,10748.2,4699.46,16385,3964.75,1990.34,2214.54,1326.99,2063.23,0,0,468.602,0,0,2195.72,1521.67,981.578,0,0,0,618.138,2921.61,1112.67,0,5774.37,1997.74,2394.32,9275.86,5745.37,8012.93,0,877.847,2184.29,2640.22,2925.99,6869.95,1356.85,0,947.082,0,2206.04,-1.39302303382247,0.00482483181846027,0.0368662484920605
"O15460",0,2551.15,0,5065.54,1148.6,0,0,1427.63,3202.54,0,3741.04,3694.66,1788.91,0,0,0,3330.03,0,0,2005.39,0,0,0,0,695.585,0,0,0,0,0,0,0,0,0,1003.58,463.73,0,0,0,0,0,0,0,1825.67,0,0,0,0,0,0,0,-3.11415994021129,0.00577439615659855,0.0408967342101863
"O15511",19570.75,18524.8,25638.1,25043.5,11799.4,10458.975,26645.5,21422.5,25155,51098.8,19342,40637.7,26415,24242.7,25192.6,36033.7,33708.55,11812.8,12746.5,15346.8,14762.8,2751.31,3174.58,14715.005,3959.23,6732.15,5624.56,2943.28,1670.54,3403.21,6926.41,7592.69,5925.34,2657.8,21762.3,16401.5,10032.1,13668.5,29455.4,36451.1,27897.7,14895.95,16378.7,15799.2,1864.65,13486,21066.3,15178.2,7139.85,11306,10066.8,-1.12050747325957,3.31858715459458e-05,0.00113630420315968
"O15533",8511.93,25144.95,0,7978.26,9195.66,0,42912,4368.71,5899.66,29188.7,6965.29,3339.43,16048.7,6433.53,12313.4,23280.8,5659.01,2963.79,10066.8,4363,6721.33,0,0,2415.63,0,0,0,2918.01,0,0,1415.76,0,1720,0,0,7049.12,593.558,3834.15,12689.3,13415.9,569.674,3285.685,9338.42,345.293,0,4470.01,0,560.058,0,8589.94,5234.97,-2.01482893188424,0.00536994226508016,0.0394726840434712
"O43252",1013.22,4693.405,1379.51,2049.69,0,1193.51,2516.59,0,1877.66,2697.77,1921.4,2707.98,4019.91,0,2662.18,3152.47,1733.71,0,2367.72,0,0,0,0,960.646,626.367,0,0,0,0,0,0,0,521.292,0,2126.38,0,1787.14,302.852,0,0,659.345,1568.89,321.351,0,0,0,515.969,0,0,0,0,-2.51564023324765,0.000118656377420027,0.00270180571385401
"O43516",0,2023.465,0,0,1543.29,697.914,4330.42,0,4402.47,7658.99,1139.38,970.346,4962.88,0,2028.22,1218.84,2206.73,0,198.327,0,1220.41,0,0,263.03,0,0,0,0,0,0,0,0,0,0,0,817.179,0,911.003,3043.99,2367.89,0,0,7.89241,0,0,1351.54,0,0,0,0,0,-2.70452561619319,0.00714109189251808,0.0481072965658688
"O60234",0,613.625,1290.93,0,769.361,314.417,1969.03,736.315,4734.51,3283.53,1803.71,0,3327.82,1061.37,1010.23,0,1194.38,0,0,0,881.534,0,0,0,0,0,0,0,0,0,0,124.65,0,0,0,416.381,0,469.112,1493.03,2775.68,0,0,0,0,0,789.792,598.521,0,0,0,0,-2.55034853356735,0.00540637340670243,0.0395428836421827
"O60664",173.855,3345.695,2411.72,1942.35,5896.9,2638.04,2280.79,3350.39,6560.21,10136.1,372.7,10145,7589,973.862,6986.93,4703.11,3858.395,0,1617.13,854.975,0,0,1726.37,1124.87,951.189,576.608,1365.31,0,0,1814.94,0,1103.82,380.334,1730.67,2314.34,1997.28,334.552,3783.14,7088.37,3358.13,1581.69,2880.726,3966.6,1464.2,0,1670.95,2033.99,0,1268.1,1469.42,1142.28,-1.56475323440725,0.0019034550396703,0.0188442048927359
"O75083",36296.15,38690.15,22725.4,34245.8,26820,22857,46987.5,41662.1,37368.4,57966,21502.2,32484.3,29049.3,43587.7,36856.2,36431.3,36120.5,7011.99,33572.5,22550.9,20775,13084.2,12018.6,20449.35,23315,17858.5,11024.3,5871.1,13020,5542.26,16465.4,16467.3,23884.4,31918.8,15953.5,20335,21697.6,31698.9,50965.8,36757.8,45048.7,14899.7,22045.5,27781,33482.6,35611.8,37116.5,18652.3,14394.1,12822.8,29999.7,-0.655176412092441,9.61346089115562e-05,0.00239233338242201
"O75368",4138.915,11234.235,2147.83,1390.05,3080.94,1250.8375,2238.36,2367.7,8338.91,11898.6,5216.06,14733.6,13661.9,1945.75,7711.33,4761.91,3069.8,7339,1350.73,660.516,2079.31,688.757,568.588,1148.729,0,359.404,0,750.878,903.379,1495.33,311.523,1170.46,663.471,1054.86,2334.56,3115.99,1713.49,3610.14,10441.3,10239.7,3388.22,1616.025,2858.42,1876.39,1128.71,2285.38,1204.27,711.214,983.97,417.772,1387.56,-1.50572079212961,0.00434937293139566,0.034327633153511
"O75695",607.68,747.0825,870.987,409.827,345.441,939.879,791.773,578.135,1522.45,1925.41,618.189,837.814,1483.36,501.711,822.263,0,1045.6,0,0,0,669.735,0,0,165.172,0,0,167.441,0,0,545.735,0,589.955,0,0,1449.76,366.312,320.555,653.579,954.668,742.233,0,525.004,1282.91,0,0,388.469,659.672,199.383,0,648.205,0,-1.44365284893314,0.000510156447698945,0.00726016394631562
"O75718",2498.6,3397.76,1682.82,2469.8,1896.92,2759.435,2495.02,1903.55,7494.55,4958.22,6169.24,4183.95,3008.94,2086.41,0,2642.08,1626.965,0,0,0,0,0,0,0,0,0,825.097,0,0,0,0,823.52,0,2962.67,2217.86,5299.3,0,5826.41,2440.04,0,11261.1,3774.5,3766.36,0,0,1571.95,0,0,0,0,0,-1.33076902512062,0.00442115257050248,0.0347136703552902
"O95373",3361.91,3400.555,2634.8,1153.16,0,1163.8355,1301.98,1392.59,2914.26,5606.84,3432.09,1184.88,3129.48,2605.39,3387.46,4514.1,2757.77,0,4537.11,1747,1156.38,500.749,771.777,1649.8,1282.57,1331.41,0,0,0,1377.26,0,1482.55,1471.9,0,2520.9,1276.22,2708.43,5321.38,1426.45,3828.71,1123.19,1837.565,2039.47,1518.66,1396.07,1754.7,1007.15,0,1550,0,1031.02,-0.883142596258381,0.00654679706306425,0.0448332538724731
"O95466",1569.725,559.046,910.243,0,1879.3,469.9475,2418.8,728.73,3552.93,4567.67,1144.91,0,1969.18,2419.6,0,1725.69,1103.98,0,0,0,962.923,0,0,0,0,0,0,0,0,0,0,0,0,0,328.224,0,134.985,0,1726.99,505.034,0,0,807.814,1309.53,0,0,977.35,0,0,0,0,-2.88949904388434,0.000793740626358444,0.0100969128839004
"P01619",26154.4,54443.1,31252.2,68511.9,54939.3,24249.2,86206.2,18683.8,57881.8,68721.2,17254.7,57744.5,110732,63539.5,18977.7,16255.4,63103.45,21080.3,8965.68,9638.33,0,0,0,31502.35,13084.5,0,15860.4,0,0,4698.33,0,11630.9,7301.11,16183.8,43428.9,5131.14,8245.54,25999.6,0,32933,37967.9,6821.83,11163,18967.6,23407.2,41378.1,9669.57,26224.4,0,0,24619.3,-1.87934324129603,5.23819909421699e-05,0.00157978534271948
"P01876",50702.75,72818.35,10566.6,124519,25702.4,15654.2,7144.54,18697.4,137227,71346.8,11507.5,39028.5,29240.4,96706,14792.9,7531.66,85518.35,7070.51,14815.6,11598.6,4784.8,6800.77,5884.88,56828,17348.5,1686.92,5304.79,3830.22,836.875,8727.1,2095,8072.67,3203.93,16001.6,49770.3,4742.38,7705.92,20051.5,24470.7,18482.7,10819,9372.605,9808.12,11427.8,59748.3,8544.31,20458.4,18337.5,2071.88,10416.1,28093.5,-1.74288341705432,0.00507556304452965,0.0380563803359868
"P02745",0,8651.715,1903.41,4426.73,5313.02,2726.24,13895.5,4416.89,8996.44,4042.61,1952.84,3232.33,11727.1,10015.9,0,11738.4,2777.585,0,1765.95,0,2259.01,0,0,0,1993.7,0,0,0,0,0,2331.07,0,0,0,3673.74,0,0,0,4902.99,8364.05,5168.07,1886.505,2530.83,0,0,1262.89,0,2475.59,0,0,0,-2.31113850958425,0.000626464224513169,0.00857827795521796
"P02746",0,2206.405,1189.28,2659.59,1059.2,1005.6835,4962.19,432.785,4812.31,1813.58,1091.88,627.284,4089.25,2745,218.994,4320.71,555.137,0,524.836,0,1495.36,0,348.68,1288.8,0,0,661.173,0,0,341.868,0,0,0,0,1074.15,865.77,660.875,888.761,2595.28,1612.69,1291.62,0,1257.97,0,0,0,707.875,318.616,0,0,562.095,-2.03441266312135,0.00205022785915776,0.0199851206437021
"P02747",7906.87,20975.75,3723.15,9896.08,13211.9,7150.975,25994.9,8358.85,22957,10563.2,4000.95,12712.1,26366.6,19819.9,3497.99,24697.8,8423.385,0,1081.13,1964.19,9724.6,0,2051.52,11260.195,1421.53,0,3717.84,0,0,0,3776.11,269.3,1378.91,2854.39,7214.71,4043.7,2932.18,4683.29,14956,13520.2,9981.39,3820.385,9305.57,2573.85,5317.8,6025.15,4744.32,2779.83,0,3931.4,2630.91,-1.73899330547515,0.000205354619148302,0.00389645946545941
"P02788",13762.35,5757.745,60379.7,1943.84,37598.1,66918.4,42306.3,70419.8,105148,1450.93,25790.3,17702.4,8435.42,74454,58534.6,0,211416.5,533.078,7495.92,0,63435.4,0,279.657,3636.875,0,0,4299.86,1053.96,0,1451.43,332.84,3038.99,318.55,2499.99,1188.52,1167.31,2563.03,19216.5,2277.73,6926.79,5094.47,644.7075,19542.5,5165.61,2124.57,31332.2,0,1673.27,5606.05,298.281,1260.25,-3.04417420875591,0.00528397609844595,0.0391271986216632
"P04070",0,1284.71,0,1518.92,2459.27,705.012,716.632,758.375,2207.44,0,0,2400.83,0,1143.74,0,0,1229.36,0,0,0,0,0,0,0,0,0,0,0,0,0,274.642,0,0,0,0,0,0,463.094,1017.22,0,0,0,0,0,0,0,0,1539.26,0,0,0,-3.13049314747596,0.00348734185650015,0.0290867304294903
"P04075",67790.7,89145.1,121479,104213,81162.7,80565.75,54277.7,241932,68003.6,63905.2,45893.1,81583,62236,39626.8,93557.4,97024.8,113204.5,299214,102370,104538,48128,12752.7,6710.94,21671.8,7372.53,5963.84,40360.8,5702.51,0,69207.3,10524.7,31052.5,9267.89,13870.7,59226,50291,13723.7,47883.8,38622.4,77350.2,27875.5,13860.35,33556.9,58029.6,18166.3,68134.9,20664,7550.22,39625.4,35111.5,27016,-1.07897610785853,0.00240872366404627,0.0223407893402581
"P04083",16415.55,23143.55,31442.9,24489.8,22006.2,19551.55,41140.2,23265.7,61816.2,29796.1,27255.1,17997.9,35011.1,35010.2,16059.4,36795.6,31407.35,8674.29,3373.4,3516.17,20880.7,1874.34,17353.7,18537.35,3178.41,10217.3,6031.51,13721.7,5193.02,1425.4,2165.73,4699.76,2427.45,8903.31,11536.8,11958.3,7982.87,8147.74,21956.6,38188.9,12387.2,16571.25,15156.2,5450.21,7112.49,12426.3,11683.5,3502.7,3754.26,27169.8,8836.98,-1.46856994209319,2.98446773241628e-06,0.000289175873477101
"P04839",0,1582.58,8413.86,0,0,2003.275,4918.74,3077.07,6126.76,8034.65,5910.7,0,9451.16,994.085,621.414,4960.38,2469.748,0,2778.95,0,5485.02,0,122.348,0,0,0,0,0,0,0,0,593.993,0,0,1387.2,1791.85,0,1642.04,4096.19,2590.17,0,0,1744.83,0,0,642.257,333.631,0,0,0,0,-2.33537251397128,0.00318927170337776,0.0272338889214849
"P04899",2523.535,22750.15,19503.2,9838.06,18186.9,13436.8,35229,11203.2,29472,33332.9,18412.3,28038.1,30953.6,19417.8,19162.4,10449.5,21645.4,14808.2,2326.14,2170.45,9886.96,4928.7,6401,8190.12,4427.94,8580.5,2738.49,2613.65,3645.09,9747.16,4833.68,16645.1,7307.42,6495.96,12973.4,8158.3,11379.2,12750,30176.9,23901.4,23689.8,11156.2,13344.3,8163.51,7219.72,13792.6,18719.4,10868.3,5407.94,8385.43,10585.9,-0.988022952356802,0.000443869710033844,0.00654169145467354
"P05107",1996.78,2232.885,2857.61,1076.13,2276.13,2537.885,4702.02,2904.06,13027.3,7069.03,2882.05,1538.49,10523.9,6984.48,3067.7,3580.51,4816.43,0,1310.43,0,3634.63,0,0,3016.595,0,0,0,0,0,0,0,1557.43,336.168,0,4218.51,1697.09,651.494,1520.9,4135.77,5194.22,0,802.227,3701.76,1577.52,0,2461.48,0,0,0,756.828,0,-2.01817434049284,0.000905394331107068,0.0110321226798306
"P05109",13038.25,17957.6,259316,16626.2,29947.3,120980.5,31391.5,119926,137747,4437.25,26564.3,24945.5,27961.1,183327,72349.3,14741,222289.5,3104.89,12074.4,2027.4,36985.3,0,0,11206.27,3505.75,0,8233.31,0,0,0,0,10405.7,1320.9,3562.96,3966.65,1282.21,1005.3,17147.9,982.252,8048.35,2429.51,2841.65,27356.7,12137.2,15158.7,50836.8,2105.33,999.13,10016.3,1484.11,8069.95,-3.35731638782841,0.00259229886879787,0.0235635310349411
"P05164",10497.24,4025.395,72482.5,5650.33,44641.7,64880.6,17692.4,42372.6,115403,3385.72,31258.2,7452.16,12489.1,136845,27176.9,2433.13,125346.5,0,3785.92,0,69708.9,0,759.111,3988.725,0,0,9619.96,0,0,0,0,2943.85,0,3326.05,7299.95,470.916,0,15032.3,1338.25,2686.45,2303.15,0,9896.41,5052.37,766.856,20367.5,0,0,2541.7,1208.53,766.368,-3.14356193296185,0.00344993876369784,0.0289689279865323
"P06312",1114.6305,12685.9,7640.97,12788.3,4348.48,2828.31,2969.64,8370.37,12660.7,10396.1,1921.34,11165.9,23768.8,17493.3,1172.09,846.63,9271.095,0,1011.19,1514.14,0,0,0,5616.22,4104.27,1757.91,977.555,0,0,1205.07,0,2417.38,1727.77,1591.73,12938.1,0,2456.95,12110.7,1878.07,8535.81,1371.13,3011.805,5043.92,1487.97,6447.51,3596.16,3933.85,3175.8,0,1429.8,10907.5,-1.49663833010285,0.0043589640211642,0.0343438099522176
"P06396",19535.1,54849.05,44553.7,29186.4,30166.8,27928.35,40054.1,36305.1,50113.1,37919.9,31428.8,52449,43839.4,46929.2,44626.3,30366.7,56744.1,12699.2,10554.1,12130.8,22505.1,0,0,23783.9,6090.39,703.164,10986.6,2793.89,2581.79,4953.98,0,14034.8,2454.45,11206.4,19153.1,12936.9,11682.8,17205.4,30238.5,56880,23439.4,10900.65,31990.4,22282.4,9795.45,23009.8,19683.8,8000.46,9829.27,13337.8,11412.8,-1.52876560685404,2.39043000077911e-09,5.44300911177403e-06
"P06493",4271.705,3403.275,1468.97,1340.92,1194.6,1698.89,945.314,0,1350.19,2558.71,4316.69,4445.82,1042.04,6094.14,2294.21,4430.02,914.494,0,6146.2,0,616.929,0,0,0,1955.76,0,1508.08,0,0,0,0,2283.07,762.106,2715.17,824.869,0,0,3327.8,0,1745.29,0,1141.5475,506.703,3594.94,0,0,0,0,1064.74,0,0,-1.56711926199625,0.00216702885803516,0.0208639522610827
"P06702",23662.4,35780.15,288949,24108.8,85703.3,200407.5,98633.3,175789,256175,4984.55,69701,24081.9,43119,295044,114674,18217.4,321552.5,3252.29,12301.1,2955.3,61475.9,0,1468.39,32834.55,530.401,0,16564.8,0,0,0,3551.8,16845.1,2538.52,8152.17,12162,3304.49,3633.95,39397.2,3338.01,14291.8,3370.72,5833.5,45683.7,22365.2,33258.5,87094.1,3868.22,2791.09,15923.4,1391.41,13895.1,-3.13380744894156,0.000965386689719153,0.0115468398843732
"P06703",51055.85,180460.5,67624.5,166773,133117,66837.05,137204,198066,182009,55332.2,111048,189311,183194,73864.3,89155.2,32880.1,151015.5,13934.9,17859,11974.6,26306.1,2227.24,2605.22,47847.3,33054.5,0,5832.77,1932.12,3828.46,12894.9,1785.03,47527.1,35176.7,15531.8,33957.9,4682.28,11111.3,19491.7,56078.2,132280,15378,10609.265,50152.7,13093.9,45999.2,27369.3,17044,9527.12,1817.93,5346.66,25775.8,-2.44476287160913,1.29173079683226e-06,0.000158987622939841
"P07355",120758.5,147964.5,137130,202622,72260,46945.85,127324,93083,103256,44987.1,143223,131973,120171,56145.8,94473.3,129991,121151.5,6787.44,61319.5,106666,26248.6,51505.6,9790.13,62921.65,48682.2,66655,24281.2,12074.7,5193.21,83326.7,30486,66244.4,68974.1,72589.1,51191.4,44195.3,88380.9,54761.4,100766,163590,66781,42967.8,43460.7,139285,81348.5,57329.3,90234,40776.4,36483.6,63854.8,92427.8,-0.877274553760904,0.000144504655690721,0.00317910242519586
"P07437",99208.2,294761.5,266602,250264,189735,161176.5,203272,156960,173611,240831,177932,171152,237390,249353,210512,145499,172256.5,107516,140850,207998,84322,54134,72221.1,94624.85,142206,98155,52582.1,54442.2,25851.9,237283,72390.1,92805,127401,164642,135044,63902,86290.5,205109,162728,139618,117337,133387.5,107632,127517,104478,170986,158155,75632.9,119349,121893,134429,-0.768312221775782,4.05362466173522e-06,0.000318279426026589
"P07737",133416,276223.5,91068,145208,122799,178603,212726,183092,207797,240698,90051.5,151826,207221,199549,146085,254143,208269,81250,97898.3,123997,93234.1,119140,116741,97434.85,179882,86189.4,113878,63583.1,92934.9,115513,148218,153273,117146,17740.6,97776.5,50945.4,74927.6,117678,176642,124706,59610.6,121590.5,71421.6,178498,75417.7,150339,191087,91180.7,86087.8,70306.9,145085,-0.720176736023018,6.91868082978951e-05,0.00193298604287493
"P08195",1479.454,2132.235,630.698,594.387,0,436.791,3610.91,1874.81,2230.66,3377.71,1745,1003.39,6208.27,2402.32,1901.48,1187.42,3634.68,0,1364.04,332.626,2214.24,0,985.722,1208.902,0,0,0,0,0,0,0,1190.58,0,173.446,1431.83,756.59,0,5371.67,1879.25,1092.39,0,533.068,665.89,1148.53,334.052,558.761,942.872,0,0,0,1241.2,-1.55642335296161,0.00344423100181644,0.0289689279865323
"P08246",955.793,0,6867.82,620.165,6628.91,8850.7,4076.81,3543.81,15282.7,0,5126.53,1225.36,2229.18,15478.6,10448.7,0,20807.9,0,0,0,4342.28,0,0,1189.19,0,0,1172.12,0,0,0,0,0,0,0,1540.16,0,0,3488.19,0,0,0,0,1502.57,0,0,3148.87,0,0,0,0,0,-3.6402850964959,0.00234293489955736,0.022044887464017
"P08311",9786.72,5343.57,29308,2594.58,56808.6,69781.65,30283.5,41733.5,89223.8,1098.48,22125.1,6944.49,38003.4,107291,31189.4,1118.85,124857,10355.3,2790.95,0,53070,0,0,2140.175,2617.94,0,7854.62,0,0,0,450.566,4075.27,0,1905.7,4912.09,238.154,1795.83,14352.1,1688.78,8297.42,1326.56,741.013,9575.8,4609.04,2278.51,20733.5,0,398.335,2649.26,0,375.508,-3.06761565778804,0.00194362711009448,0.0191172307977759
"P08670",250932,652470,424081,242060,375288,271850.5,503456,205511,548370,416760,178057,293611,380380,168507,244715,733283,314112.5,176236,147289,159201,216237,89602.7,71070,370938.5,115194,80641.8,109064,69578.4,113220,68249.8,107855,178257,152847,247539,202827,146221,161829,155269,401946,393354,226900,248183,298561,150153,213609,227579,325043,91885.8,111114,209091,171373,-0.998950589836392,0.00036215557344047,0.00582776141854382
"P11215",1462.93,3778.455,3732.71,648.343,1997.71,4278.235,1214.11,2152.95,11743.9,974.319,5154.84,2975.5,3834.69,5431.77,3366.92,1969.56,6808.6,0,2400.65,0,4404.37,0,0,1208.1345,0,0,318.574,0,0,2071.29,0,740.991,0,0,2411.99,1936.52,0,902.053,2526.99,1753.43,0,0,1055.27,0,0,1171.96,0,0,0,0,923.597,-2.3686596247973,0.000412441944749889,0.00630288797446642
"P11413",14063.985,11543.55,12652.6,43597.8,1287.66,13724.67,12309.5,60032.3,20605.4,9931.49,35332.2,3663.93,37144,46382.4,24632.4,8908.75,15014.65,909.735,9788.3,51694.1,5029.78,1125.29,0,3033.645,1850.8,972.12,2943.55,1999.37,0,4489.41,0,6717.17,293.631,3854.24,13485.4,4854.05,10316.8,2632.85,6048.48,12552.7,1790.56,7921.58,7082.13,10776.4,7796.79,21047.1,2318.81,0,1021.15,0,1217.7,-1.85116228863998,0.00161727830057852,0.0171680311907566
"P12111",121780.5,148349,99127.7,99738.5,275639,122731,177108,51502,257245,143381,43725.4,216601,102417,31067,23219.5,71480.3,47962.5,121569,3761.96,42974.2,18091.8,4749.97,16081.1,74307.1,23236,5423.02,19354.1,22412.7,44783.1,4836.9,27087.2,14732.7,21019.9,46743.7,13423.5,35464.2,41794.4,28082.1,117353,178475,74141,59677.8,140014,18751.1,40344.2,54176.5,108235,40331.3,44834.9,63752,68482.6,-1.31128993590899,0.00172781499861382,0.0177415724184461
"P12429",6924.265,8827.725,11670.4,1435.38,4560.69,10207.76,11553.2,12512,15257.7,2581.46,9378.99,3238.95,11939.9,11907.6,13727.8,3417.81,19287.85,4257.85,3445.22,0,6400.47,0,0,0,0,0,1264.34,0,573.213,0,0,0,0,834.759,460.167,0,995.876,2497.65,2185.12,1701.9,453.782,288.722,2403.32,1907.81,0,2281.81,428.127,0,0,0,732.617,-3.2583819452634,2.93272959329355e-06,0.000289175873477101
"P12814",24204.05,28669.75,16253.8,24346.5,57908.2,15913,26959,24147.5,30365.3,17480.5,8494.7,47952.6,14548,5844.82,11206.2,62609.4,28991.3,30327.7,5784.06,5494.33,8506.63,4309.04,8852.36,15403.75,14595.2,11536.3,2813.71,6898.39,1551.25,8266.8,2885.07,10688,3621.5,16296.4,12955.9,6618.83,8520.07,10975.3,19152.4,56417.7,14042,6966.045,19700.9,12420.2,9375.61,5080,25829.9,9595.4,3684.85,6221.48,13521.9,-1.16064320993649,0.00273473341678644,0.0243691850407603
"P13284",1173.88,6233.94,110.839,3681.09,1181.57,4211.965,10168.3,1613.62,6797.21,12706.6,7862.53,0,6478.64,516.062,9405.14,10064.3,2181.34,0,1557.64,1605.29,1527.24,727.407,140.818,2154.13,0,0,0,0,0,0,0,3825.65,2364.93,3098.88,9075.2,0,0,3656.06,1398.43,5067.92,0,642.611,2443.64,3439.05,0,1894.18,11794,0,0,0,3472.16,-1.4948208428852,0.00735428655554494,0.0491797664815737
"P13674",0,1359.725,4038.89,1718.42,3006.29,1598.01,565.65,1915.17,2443.59,1710.29,1805.58,2150.01,896.494,2293.93,1806.28,0,1693.655,0,202.542,1350.72,0,0,513.949,1380.726,524.222,246.828,0,0,0,2907.18,0,543.717,0,526.51,2820.86,526.41,0,2958.14,0,690.031,1073.38,828.812,1498.45,3565.87,0,1579.84,0,1868.28,0,0,0,-1.17964338334061,0.00328317666381445,0.0279468907046934
"P13796",45434,61649.45,63394.8,17117.3,38216,33164.9,98611.9,52421.5,89703.5,120852,52764.3,17432.3,88585.2,27990.6,77335.9,91152.4,69528.25,768.79,15948.8,4639.17,56736.7,1552.73,5825.63,14419.1,1998.88,0,15991.5,4396.15,4953.56,1176.42,6046.36,27716.6,6412.39,5098.5,22027.1,24245.1,12901.2,18884.4,66421.3,25815,3947.55,9518.685,22495.6,20602,7360.47,23621.7,21736.8,4023.7,4241.07,8998.46,11597.9,-2.11652986089155,5.42723380128245e-06,0.000365124216050227
"P14618",126872.5,139352,139490,201566,95598.2,119983.5,115226,118565,118022,107648,92331.2,101877,123932,92578.2,104478,154206,160778,380577,156627,37572.2,64661.5,7469.03,6799.91,55147.75,5316.63,2862.75,46617.2,7017.1,3415.28,74549.6,3919.61,34419.9,23649.9,9469.43,40596.9,22309.1,10183.7,61507.9,50474.3,84352.2,22979.5,15527.35,53400.6,85334,22507.2,57491.7,29709.3,8617.54,76240.3,17488.8,23133.9,-1.39912821114576,6.43114404479896e-07,9.67715352762995e-05
"P15153",813.341,4236.205,4052.07,1097.27,2994.89,2449.39,18403.9,7308.81,20556.2,37601.7,5802.54,1289.49,6566.82,14673.3,5683.69,10921.3,15807.85,0,1001.7,0,4645.13,0,0,1614.645,0,0,1643.05,0,0,0,0,2633.91,0,0,3375.49,2099.02,973.476,1511.11,23559.6,8108.67,0,1100.6895,4559.58,0,787.593,2407.75,2935.72,0,415.074,642.483,1284.79,-2.29525985368119,0.00600211004814808,0.0421814956161518
"P18084",3279.98,2181.35,916.485,2192.8,1482.38,2809.53,8399.28,3138.49,12815.5,4655.04,4114.97,2985.95,13873.4,4686.29,4535.82,4676.09,6519.47,0,1638.97,1057.44,3637.41,0,0,3120.435,0,0,0,0,0,0,0,0,0,0,2302.42,2526.52,0,2867.6,1496.3,5263.47,0,0,2413.83,0,0,3761.86,0,0,0,0,0,-2.4685679703472,0.000365157216790179,0.00585537311712139
"P19474",5998.285,7734.3755,9714.37,4120.34,13810.7,1516.22,1974.9,3599.41,3969.16,4151.39,5882.8,7035.44,3503.31,2212.85,0,8482.39,6507.9,0,1580.13,0,1064.05,3088.9,0,2626.035,474.517,0,0,0,2738.95,1142.63,8379.74,0,0,0,4043.5,4277.35,3435.57,1372.76,4838.77,6201.22,6758.81,4278.5,5309.48,7651.39,0,0,400.223,0,0,0,5147.53,-1.27011659546348,0.0028399653729948,0.0249194649491683
"P19838",1873.31,2829.22,1163.12,875.079,1351.78,489.395,4022.95,2010.22,2225.54,6252.92,1207.89,2026.45,5971.74,787.419,0,1196.06,1834.57,0,0,0,1002.7,0,0,0,967.784,0,0,0,0,823.527,0,0,1817.56,650.307,0,0,1217.61,1707.47,3823.32,2734.26,1296.56,1030.552,4094.05,0,0,0,0,388.966,1008.26,0,1267.41,-1.59990525278865,0.0058171206687055,0.0410843610191646
"P19878",0,1277.07,0,0,507.077,1398.95,1759.56,957.706,5487.87,1594.79,1449.1,0,5139.71,2219.09,0,1050.05,1150.268,0,0,0,0,517.47,0,0,0,0,0,0,0,0,0,0,0,0,1261.02,0,0,0,940.471,0,0,331.644,0,0,0,0,0,0,0,0,0,-3.97534049280977,0.00421368087615322,0.0336061343432605
"P20160",1503.34,1686.55,46361.9,0,4447.09,21270.7,12751,16913.7,31912.7,0,9323.01,6027.72,6935.05,36802.8,38050.9,0,50926.5,0,4213.02,0,33408.6,0,0,1268.18,0,0,814.314,0,0,0,0,0,0,0,3813.35,0,0,6956.42,0,0,0,0,5954.29,0,0,24284.9,0,0,0,0,156.49,-2.81685250940941,0.00416617207084275,0.0334616359975624
"P21333",24005.05,128452.5,54631.6,34505,151655,29106.35,65706,27660,105536,57196.3,48261.4,115983,95273.8,16142.2,31651.4,69920.5,44759.55,12618.4,14118.8,5559.63,6931.7,2113.07,1755.24,24106.25,13030.8,5756.83,4694.54,3096.2,7397.94,4158.99,5403.96,25339.6,14464.7,19462,18903.2,6458.21,19575.7,45274.4,60722.3,108894,26376.3,45593.35,53151.7,19002.2,22451.8,10330.2,27499.6,9759.94,9011.72,17132.9,35401.3,-1.6412728363161,0.000434683587984081,0.00646911457411603
"P23528",76810.25,82820.2,157184,66725.4,48434.1,62045.75,59061,69966.8,87323.1,108136,64782.5,124685,62033.9,75459.7,106788,154891,98670.3,42263.5,99598,106600,58630.3,42468.3,20383.9,40262.6,57667.3,36923.3,45327.5,8314.9,11571.3,39813.1,47184.8,57792.3,41405.8,10787.8,56600.4,37310.8,39626.4,99858.3,105454,115300,54871.8,43405.05,57304.8,108820,49682.6,43524.5,88044.2,54544.7,58176.4,28805.7,61281.5,-0.687812298357328,0.00111960948073623,0.0129737953569282
"P24844",17819.6,15497.65,10285.7,4981.3,19568.9,6816,18685.8,13849,18555.1,25277.4,11736.2,55968.7,15647.6,0,7604.97,34765.9,19246,8291.74,0,7705.26,0,0,0,8364.9,0,0,0,0,0,0,4645.18,0,0,0,0,0,0,12452.2,17188.4,61159.2,0,13699.55,13317.7,0,3348.16,0,16423,4309.09,0,0,0,-1.79389759239964,0.00207371848822317,0.020135850736393
"P25774",3233.485,15604.2,5008.03,597.326,3933.43,1985.915,12037.7,2460.67,13919.6,11694.1,9473.66,3932.49,14238.4,0,7885.68,3403.44,5974.215,0,360.321,0,4754.8,1318.83,3620.97,4518.175,484.976,711.6,0,0,0,0,517.718,2155.28,1136.01,529.946,4244.43,2850.31,3138.08,1066.64,1883.96,5850.86,533.315,3164.19,13076.3,0,0,3871.9,3198.1,0,0,0,3780.14,-1.78921853624316,0.00148542251411064,0.0161710470305607
"P26038",17058.95,48523.05,9818.94,18824.2,33356.1,27113.8,31326.8,25588.2,27804.1,41996.9,28072.2,52053.8,43757.5,7645.45,41326.9,56311.1,23811.05,10274.4,5891,10084.9,39353,11386.2,3392.66,11350.785,1500.31,938.09,2971.87,1688.92,1710.59,4418.57,3963.54,6233,5343.04,8242.71,17731.3,14090.4,14741.4,9856.46,28166.9,44777.5,31367.5,11068.2,27371.3,7225.2,5756.17,19342,10984.8,10664.1,6458.4,28104.5,18341.6,-1.29756729662656,6.72249860839755e-05,0.00189747555818621
"P26447",32362.35,37463.5,49815.1,25543.6,32993.3,19160.9,50341.3,47883,59455.7,57619,44043.5,28282.3,39227.4,42893.7,43380.8,44482.8,31840.95,7178.02,4941.98,4360.75,14757.2,0,0,24355.25,2491.44,0,7320.14,4194.33,9144.38,3088.11,4224.37,17086.5,2938.35,10434.8,17823.8,14853.2,11825,16304.8,41032.7,59646.8,6782.92,4988.22,27700.5,7812.64,10710.8,16137.5,24043,961.345,3822.65,3725.67,13814.2,-1.78528268669952,6.56777872447688e-10,2.99096643112677e-06
"P28676",2367.97,2878.37,16785.3,776.762,9254.31,14190.8,6804.6,14619.3,26246.1,7668.61,8420.88,4941.5,5105.37,33681.7,9668.18,2333.43,30151.65,3138.68,2787.03,1982.94,4251.77,0,295.941,2667.725,0,0,1620.77,853.682,0,790.046,0,0,0,623.682,2885.18,744.876,2095.67,5194,2370.52,1823.3,1541.8,589.805,2984.41,1310.15,1865.81,4304.05,1951.59,0,0,0,0,-3.00887307702705,0.000735188534957875,0.0096485550092166
"P29350",1948.045,7222.335,1585.71,1143.67,1941.95,1795.785,8589.39,2904.14,8792.73,13780.9,3451.46,4236.11,16310.3,3032.68,3586.13,3391.61,3330.455,0,769.127,995.364,2462.39,388.775,0,1322.655,2119.95,0,1424.83,651.091,1239.58,818.071,939.754,1499.47,0,0,2279.79,1454.7,3361.41,2018.09,8956.03,6461.23,4599.42,1578.187,1863.3,947.893,614.339,2108.72,2426.55,0,1654.5,1114.7,2663.45,-1.56755458993131,0.00676856877850869,0.0460060630109382
"P29466",1598.54,3005.445,1932.02,817.062,1977.98,1546.74,3240.7,1937.71,1493.79,4004.54,1224.63,0,3408.53,0,1065.65,2075.36,172.538,0,0,0,0,0,0,0,0,0,0,0,0,0,0,0,0,0,0,761.279,149.525,2313.1,3147.94,3486.24,0,994.916,969.631,0,0,0,2738.39,0,0,0,0,-2.01866383178462,0.000498760571484338,0.00712023712394883
"P29590",6614.645,3920.76,1891.96,1890.88,4285.71,2024.06,11054.3,1866.89,7110.32,9736.98,8258.11,14049,17505.5,1654.75,2078.76,13342.3,5996.405,6655.96,2990.77,2003.17,0,0,696.637,1555.4845,2101.17,1110.53,0,0,0,1454.41,1020.93,545.022,865.358,0,3017.69,5206.45,5067.22,1659.76,8633,10165.8,9926.02,3699.71,5016.12,3495.62,2480.89,2137.91,2151.98,0,2179.83,1323.33,2453.82,-1.33810454544714,0.00541826073621476,0.0395428836421827
"P30273",2040.82,8102.775,0,0,1572.25,1435.35,10401.9,1044.06,2976.78,4231.85,2369.41,1793.46,12667.9,4883.46,676.244,9063.07,2008.885,0,1104.85,0,2414.09,0,351.491,752.819,0,0,817.96,0,0,0,0,0,0,0,5441.86,2245.29,0,410.174,1235.06,3723.52,928.258,330.836,1632.19,0,0,1884.64,0,0,0,2257.76,701.058,-2.31506067474342,0.00519469483296276,0.0385597289532007
"P30520",2694.14,4857.855,2011.71,2583.08,2045.94,3219.525,3431.86,2619.48,4254.52,7061.69,5038,3747.35,3745.26,10268.7,5921.47,1226.87,3396.955,0,1922.44,1077.3,283.065,1115.99,1078.37,1525.64,3675.13,1646.32,915.268,0,1408.35,1318.72,1513.17,1273.22,2548.5,608.879,2111.12,3165.91,681.723,12204.7,3606.55,2348.6,2309,2909.385,4060.57,2018.45,2937.23,2882.31,2972.58,1031.59,4067.93,1566.16,926.265,-0.886302851833419,0.00738238753962064,0.049295297441983
"P30626",3358.29,23278.55,6450.98,7217.21,11710,2261.68,6074.68,9397.18,8985.93,10214,10783,13814.8,17796.1,13255.9,8231.05,9602.18,11379.46,9465.67,14417.6,5671.12,1632.04,0,0,2745.435,1076.49,0,3482.99,0,1230.95,3305.04,697.101,30267.4,854.846,6106.78,5069.89,1606.1,4862.94,2612.45,8634.63,18129.7,9708.42,5317.11,5287.71,7403.23,6866.32,8607.63,4856.58,1810.14,4597.3,3008.16,2317.08,-0.93636705795762,0.00432009702920067,0.0341557671371178
"P30740",4886.71,14146.35,12938.4,11293.9,6587.2,13782.4,6948.82,21734.7,36237.9,24038.3,16721.9,4072.42,21704,13988.1,12696.1,7088.93,23463.5,3981.65,3167.63,10631.1,10940,3405.4,1892.99,5672.19,4269.28,1337.93,2708.86,1051.25,0,4935.27,3127.96,4335.85,2093.28,6018.38,10405.1,4832.51,7538.6,25426.9,13554,10854.3,2457.33,4266.8,7530.84,9591.59,7716.05,8840.66,3800.47,3055.89,1590.67,4065.81,9698.26,-1.30113054188721,0.000651933813842521,0.00883603151261559
"P31949",6294.525,25984.65,24002.6,9765.44,11807.7,3050.35,25662.2,93941,30400.4,31519,15278.1,14838.5,13797.4,26340.1,70531.4,11124.1,19790.1,965.868,2300.55,5030.29,2695.49,0,0,4618.81,1092.36,0,4938.3,0,558.639,944.907,0,4128.79,1331.66,2492.93,7856.6,2000.93,2440.07,4136.73,12863.5,16225.7,1026.3,3840.265,32497.5,3615.38,4791.05,11249.1,3581.17,1098.98,1649.16,2326.31,2755.05,-2.58154497286311,0.00175352849626934,0.0178361099831651
"P32456",442.731,2862.86,1336.03,1054.94,0,2033.76,6257.26,6945.91,2001.4,3939.84,3571.77,1533.98,7677.08,3314.86,1203.34,4253.67,2244.525,0,693.041,0,1265.09,0,0,1452.615,0,0,0,0,0,1001.07,0,446.419,0,0,0,694.186,0,2324.48,1792.7,6433.35,940.867,2161.615,536.113,0,0,1074.98,0,0,0,0,0,-2.28351513896043,0.000580620628983688,0.00806598782616547
"P33241",0,1548.095,0,625.352,6465.1,3125.295,8367.8,2712.66,9483.31,9630.09,392.109,1706.84,6462.43,1537.67,1167.15,3781.43,4519.55,0,0,0,3524.74,0,0,485.709,0,0,0,0,0,0,0,0,0,0,4845.07,0,0,661.664,5276.81,5738.95,0,0,2193.22,0,0,1488.34,0,0,0,0,0,-2.34529857017177,0.00270009882859626,0.0242052166642271
"P35579",59019.9,94550.95,77999.4,71339.7,96847.9,83321.7,88891.8,71985.1,100722,80261.4,34682.8,91536.7,53568.9,58072.8,59909,174743,64769.3,38578,37309.8,55880.4,40546.4,36410.5,20497.7,40470.5,53882.1,29699.2,21673.7,21100.2,12984.8,25174.2,39278.2,45393.8,38439.1,83167.2,34046.8,39689.5,51130.4,52505.9,67834.1,77504.5,52409.2,46259.9,47724.3,43639.7,43996.4,53712.6,80272.9,39876.5,51868.6,38245.3,45106.6,-0.854944457019739,0.000168844773263121,0.00347052596458698
"P37802",96009.9,113243.35,22779.3,99113.3,160120,66865.65,97744.5,98888.3,86075,100587,110479,121979,137288,49997.5,66087.5,78541,59563.8,11700.1,87319.3,42530.3,36290.2,20875.5,16687.5,28707.25,29888.2,4412.58,8229.3,4643.33,18500.1,39061.9,16242,45659.6,26053.8,38208.4,55222.7,17575.7,38906.2,72923.7,149456,131860,35584.8,35721.9,72720.9,65921.7,9733.48,70599.4,77378.8,49624.6,24752.6,29742.7,103455,-1.04604630320389,3.98086380558315e-05,0.00131368505584244
"P40121",3056.115,29722.8,21352.8,11009.3,13521.4,4408.47,41598.7,20279.2,27981,18013,12836,11718.5,57455.8,7559.79,21382.1,6587.42,24835.5,0,1986.34,10493.1,1986.26,1547.04,0,7453.655,2930.92,1446.58,2066.81,1084.09,0,2546.46,0,5403.95,1817.11,3019.26,14149.2,1891.69,4751.88,9062.53,10184,5834.13,0,2477.58,14461.1,7809.96,17298.6,4647.47,2957.9,1527.61,876.251,1404.71,2017.82,-2.19951318077878,0.000371142017124316,0.00588031880951494
"P41218",2572.628,12840,16327.4,1261.83,5766.47,10443.705,16918.3,6336.85,27890.9,4630.68,4441.94,7758.66,5302.69,22725.5,14190.2,1513.1,30924.05,0,1736.57,0,4002.13,0,284.617,2039.16,683.75,0,988.023,0,0,0,0,740.578,0,0,2307.2,0,722.827,2454.5,5944.37,3038.63,0,0,1537.37,0,993.004,5778.33,750.48,0,372.762,0,1499.05,-3.41895601376901,0.000276863921935,0.004794061979057
"P46060",7300.32,4274.085,1743.6,4998.13,4038.62,3844.375,4490.53,5182.9,4403.83,4767.07,4651.85,7413.83,1858.77,3224.96,4743.87,5896.95,4122.295,5814.42,7276.02,2237.66,3505.25,2069.26,0,2053.47,2800.68,2183.95,3770.69,1200.57,1259.5,2322.85,0,3278.61,0,2719.15,2907.66,1414.25,4808.38,8595.37,3891.6,6489.19,4127.28,1647.618,748.212,3324.77,2180.6,2722.09,3566.79,311.088,667.787,1798.36,2677.6,-0.705694145178473,0.00121153009534186,0.0138278397348041
"P46940",5727.15,26385.2,15104,11259.8,10644.9,7121.42,17692.9,6222.04,17605.3,17359.1,12204.8,21241.7,26154.4,11160.5,8279.36,14617.6,11473.25,4059.96,5359.69,4195.85,4764.82,478.037,1694.92,5203.475,1831.79,1032.08,1830.86,834.907,1471.85,6662.94,1966.14,4495.69,4091.23,2018.47,9048.31,6043.05,4518.6,6025.98,16589.5,11665.5,10930.3,4948.875,9045.64,2378.48,5087.22,7439.45,3959.19,2507.49,2475.14,3467.48,2923.11,-1.57708392481707,1.13229201757117e-05,0.000531593592579291
"P47756",1657.24,21013.85,4385.67,10959.9,943.071,6090.67,18037.6,8866.27,14688.7,17270.1,12421.7,4284.32,16252.8,9024.2,13778.8,20690.7,20307.2,2087.55,17906,9157.48,14581.4,1718.42,1536.05,3303.48,1851.67,7768.95,2214.78,3395.4,410.755,974.896,771.097,0,977.312,13344.2,5551.02,9176.05,3381.92,3588,12475.3,20063.7,22104.7,4366.475,9502.62,3676.59,4974.55,8000.2,2834.8,3672.52,4193.93,3548.47,657.118,-0.977921736838813,0.00501069293105658,0.0379048099801191
"P48059",1941.56,1846.36,1533.91,0,0,0,2258.35,0,3807.93,4566.29,0,7197.62,5108.49,0,1958.93,2734.1,1414.93,0,1678.08,0,0,0,0,0,0,0,0,0,0,0,0,0,0,0,1650.75,0,0,0,2353.55,1454,0,1238.15,0,0,0,0,0,0,0,0,0,-3.03700549778041,0.00342590432400921,0.0288917931324776
"P49913",0,0,21048,0,18849.6,18848.6,7877.1,12978.7,28106.8,0,5583.39,0,4185.88,25734.8,16472.4,0,62999.55,0,0,0,10931.8,0,0,0,0,0,1428.82,0,0,0,0,0,0,0,0,0,0,3565.24,0,0,0,0,3737.46,0,0,5027.47,0,0,0,0,0,-4.17295831328318,0.00633018509973847,0.0436782771881955
"P49959",1947.92,1361.355,943.105,1272.13,1082.82,1005.256,1783.03,0,2143.78,3228.49,3377.38,2412.12,2667.54,2539.82,949.412,593.739,1310.274,1144.79,1237.01,1575.44,973.355,0,0,1320.97,844.238,0,0,0,644.404,0,0,2419.56,721.761,0,3045.99,0,856.984,2257.18,2399.56,1386.25,1293.08,1865.83,769.048,1760.28,1252.97,814.19,980.515,0,0,0,0,-0.953119028576103,0.00548601480993343,0.0398457917774112
"P49961",1897.78,2967.695,2392.3,979.484,4973.55,0,2490.8,1827.71,4972.92,2680.79,2758.26,4458.6,8205.69,0,1188.21,808.119,0,0,0,0,0,0,0,156.509,0,0,0,0,0,0,0,0,0,532.107,0,0,2557.53,0,4906.79,4447.77,4863,2095.73,3939.8,0,0,636.628,329.521,0,0,0,0,-1.80017605953847,0.00565169656068618,0.0404682800901963
"P50454",12925.65,39454.45,9030.63,32431.9,24508.1,35451.2,23534.2,16053.9,61693.4,19909.9,11192.9,42886.3,17284.5,6282.03,5698.56,15445.4,13958.85,4072.83,14757.9,36586.3,4000.63,1823.57,3498.77,9677.375,5708.74,2618.45,8189.7,2953.99,1514.67,9331.31,2179.26,2773.44,1944.05,4818.63,8211.79,3552.24,6132,34421.9,19496.3,17620.7,10970.1,15544.4,22311.4,5728.21,9219.61,4396,24628.2,1490.67,5293.3,2384.5,9939.83,-1.28701933121108,0.00269346671034379,0.024193482286113
"P50552",496.453,3352.19,423.202,4649.91,7237.61,2983.645,4157.09,5195.63,8120.78,5412.35,1334.86,10161.6,5102.45,3039.33,6102.71,3067.09,6068.72,519.74,414.822,2583.59,2460.82,0,0,1800.88,1173.73,909.644,0,0,0,165.909,676.941,1870.23,0,0,1618.72,1069.16,642.583,3680.83,5026.46,6260.6,5644.32,1409.755,947.989,361.154,949.293,1652.45,1784.84,664.052,1681.3,0,1930.07,-1.68306692733722,0.000177109267014305,0.00352924342330868
"P50570",9090.115,9704.435,8737.85,9537.88,8954.87,2768.445,13491.4,6524.75,12410.2,14661.8,11096,14634.7,10615.3,10460.8,6772.89,6939.59,11374.2,9143.89,0,4594.39,5775.3,0,2141.65,2578.155,8200.5,4001.13,3751.64,2211.64,1219.45,5084.98,2720.44,3042.24,1525.64,6507.06,3414.28,5174.04,3982.77,10990.4,9951.03,7854.38,11528.3,4737.44,4395.48,5308.62,11768.6,5770.34,5187.31,1321.08,8997.63,3968.68,1820.84,-0.992332069741355,7.98189492585242e-06,0.000422669180143395
"P52292",4309.445,6949.09,2058.6,1975.03,1378.87,6769.985,3088.93,3511.01,1363.8,2259.38,5992.74,621.934,2140.22,11654.7,3638.7,4761.11,1595.06,0,11990.3,850.329,973.866,0,0,0,1284.55,2011.73,2302.02,0,0,0,0,2993.04,1189.23,1215.07,1002.85,599.043,1310.67,2477.22,595.35,860.718,0,731.8325,0,6332.74,299.187,1032.98,0,0,624.968,0,240.324,-1.64688130833124,0.00290180383750275,0.0253398986688883
"P52566",11896.35,41040.8,14852.1,5359.14,7309.1,14168.75,38981.6,16355.8,34042.4,37736.6,12688.8,8799.08,24096.6,16148.1,15810.7,21546.5,22235.2,2722.92,3128.27,2887.12,22283.7,0,1133.04,5806.61,1378.04,0,2010.94,1147.11,1164.43,824.192,1745.84,4191.7,1516.2,1762.62,9680.34,7056.26,5064.18,6890.47,32454.7,21287.8,10856.7,4854.595,7918.35,6069.79,1389.96,11344.6,9317.61,1937.4,0,2070.36,3641.23,-1.81105077354741,8.34566591206232e-05,0.00216053572399669
"P52746",11320.91,5331.185,1761.75,8517.1,3012.26,2173.15,2042.37,2112.96,10611.5,3956.05,2953.61,10648.6,3069.64,0,2582.4,1744.63,3502.765,0,3179.47,1683.45,0,0,0,0,0,1394.16,0,0,0,1807.1,0,0,0,2452.57,1931.79,2225.49,0,7543.68,6497.72,3862.13,6088.45,2120.58,2495.45,0,1778.54,996.419,0,0,0,3494.67,3527.45,-1.50528845916576,0.0055945355681539,0.0403442944132101
"P52790",0,1122.2695,1554.27,0,1406.48,2263.27,1859.3,0,9739.43,1136.41,1416.4,0,6633.56,3270.44,1972.59,2979.19,5168.41,0,0,0,2771.57,0,0,1558.21,0,0,0,0,0,0,0,1335.99,0,0,572.137,405.493,0,1027.33,0,0,0,0,0,0,290.685,0,0,0,0,0,311.403,-3.29225532699863,0.00406472115371757,0.0328787568988096
"P52907",10660.1,33011.05,15578.4,8590.14,15772,11173.625,34121.1,11217,26108.7,35892.4,25835.2,9422.32,24892.2,9822.65,24462.1,17613.9,17085.45,4935.23,9534.59,13443.9,11592.5,4539.78,4703.44,7259.255,5491.84,9527.79,9612.41,3682.8,3362.92,4726.77,7845.64,7354.36,9890.77,11611.9,22978.4,15337.4,7217.99,21386.9,23357.1,19907.6,13150.1,12880.9,16799.4,19511.7,6258.59,12180.2,13494.7,5455.09,7658.73,7991.84,4902.97,-0.881621889027323,0.00144240213695832,0.0158281911607426
"P53041",1099.38,1375.41,868.365,1268.44,0,0,1469.86,646.533,827.031,3161.82,1636.85,1930.74,2354.19,1137.66,422.092,0,866.4575,915.335,596.991,489.325,0,0,0,0,1308.01,0,0,0,0,1156.69,506.807,0,906.791,0,765.163,188.128,545.649,3387.76,1051.13,1082.51,265.496,743.1925,0,0,0,0,0,0,0,0,0,-1.45489718721315,0.0056092732586793,0.0403548663823468
"P53634",2014.65,3247.52,0,2034.61,2096.31,10052.79,9469.18,11276.3,8587.67,15753.1,8508.78,11143.5,15852.3,4972.37,4958,3838.45,5811.92,0,6500.3,2293.78,5154.21,645.436,1056.31,4434.22,0,0,0,0,0,0,1924.42,8345.69,580.819,0,7645.73,2526.76,1544.43,9402.91,6026.27,3556.66,0,1054.39,2992.81,0,0,4717.91,2532.27,0,1575.53,0,0,-1.68290534491068,0.000872990817184243,0.0107739842315909
"P55209",7349.775,13028.805,10000.1,4958.08,1437.71,7601.17,6865.42,6258.37,8262.76,16813.6,19393.2,7831.86,22723.2,11847.4,10840,3540.08,12696.5,4783.05,14029.4,6356.28,3552.43,1101.23,1692.57,2374.335,608.174,4026.74,4686.68,0,0,13644.3,2339.43,5996.5,4601.56,2854.46,11244.6,2708.14,5258.13,18663.8,6259.63,8953.19,3539.7,8830.97,6318.23,15406.2,4730.84,6941.97,5218.03,371.535,4459.03,3050.77,1925.4,-0.878384498610717,0.00672781913255325,0.0459347651119153
"P57737",648.891,959.163,1810.12,1124.69,1103.72,345.085,2909.97,673.133,1891.64,2112.68,2174.27,1258.22,3771.93,987.518,920.519,2140.98,1186.366,764.801,725.41,0,1172.6,0,0,785.965,437.187,0,0,0,0,0,0,1022.84,391.145,2311.49,966.697,921.387,0,964.038,3160.45,1739.62,1211.41,196.418,900.493,269.816,0,953.582,878.841,332.763,0,603.668,825.092,-1.27282860452021,0.00126507272998468,0.0143141076041514
"P59998",34016.6,46224.25,28954.3,34184,42357.6,26994.55,61668.2,42798.8,46834.4,73662.5,39061.9,39150,53034.3,38440,36968.8,53892.8,42204.4,17775,29156,25395.1,41787.8,10113.8,19955.7,38904.9,16730.2,11340,18403.6,12015.6,10182.6,7291.79,15314.2,20946,13192,13707.5,31056,30249,30532.4,44208.7,58462.4,41507.9,31978.7,16219.2,19607.4,27066,17320.2,30716.7,49480.3,14956.4,18263.1,24687.8,18504.5,-0.840460223670727,5.44979665843991e-06,0.000365124216050227
"P60660",45323.65,86226.45,67750.3,36102.8,75020.9,42191.8,88419.7,50647,89244.4,57181.6,36216.9,128799,44212.1,30340.4,48877.6,62162.1,71326.9,26511.3,20206.5,37618.6,29574.3,27894,13352.5,30376.5,53121.8,21591.7,17897,9369.22,8702.63,41111.8,21755.7,31431.2,28833,48186.9,33785.2,29609.5,49608.1,46274.9,86285.6,90330.5,39241,44419.85,61576.3,40439.8,27754.6,44625.7,68816.1,25755.9,30037.4,36863.3,41688.5,-0.745388975997226,0.00135835403263007,0.0150509592812587
"P60842",14801.3,43917.5,28027.1,19683.9,12528.4,31376.8,19284.7,26039.1,19454.9,25614.6,24265.9,13675.3,23800.4,29900.6,23107.8,33759.6,28600.55,6621.69,32859.4,28814.2,16839.1,20882.3,6700.88,16458.4,15109.7,6637.57,16435.9,6904.14,4494.57,6516.13,7292,11583.8,10870,17355.5,20500,12380.6,22445.2,22586.8,18762.8,27227,9201.69,12612.35,10389.8,15382.4,8429.2,27134.8,26394,7226.31,15291.6,15109.6,28287.7,-0.652232046991106,0.000595254526400163,0.00821891244271173
"P61158",16467.35,14400.65,14757.9,12512,15432.1,17526.35,23866,12670.7,19755.6,38299.3,16074.6,14443.7,29653.1,12735.9,24278.4,21532.9,18294.15,9240.82,9465.45,11573.9,12572.2,5734.49,4263.02,12567.085,5960.98,4954.65,5225.97,3503.67,2748.04,2046.07,7325.56,8419.35,9437.52,8492.93,22679.1,9875.51,12245.7,18303.7,28388.3,25544.6,15475.4,8749.68,25780.1,21599.8,5531.58,11697.1,17044.3,6626.43,5512.59,11687.7,10386.3,-0.761695263722924,0.000602816995870367,0.0082937419915216
"P61160",25638.85,23879,6723.39,18720.2,27835.2,22974.65,49539.9,30506.3,29714.5,50147.1,19157.1,22028.3,24193.4,16747.9,22908.5,49447.9,30696.5,12916.7,22614.1,17597.3,13334.2,14554,6165.05,17156.95,5351.68,8511.09,5186.48,2281.91,1981.39,3931.08,6789.9,8840.77,9053.23,3974.99,26326.3,8071.2,14050.4,24084.2,34961.5,35932.2,24234.9,7561.73,21001.4,23799,10437.6,11920.1,29430.4,11433.8,2141.71,15053,19728.6,-0.971031397380693,0.000368749091881043,0.00588031880951494
"P61221",3101.01,2866.32,2007.44,398.445,0,1329.78,1638.43,2613.97,2346.98,4690.62,2255.08,3621.55,3843.58,2040.92,2695.97,3084.13,1232.1685,0,2997.8,2567.43,611.546,419.903,47.751,729.081,0,0,315.164,0,0,1508.59,458.657,685.065,0,139.978,1454.22,0,1606.6,6655.52,3976.67,2337.71,2066.48,1264.2555,1582.59,2700.39,377.128,2117.24,1765.4,0,0,1983.15,853.604,-0.948137936374055,0.00547186823310112,0.0398065302452756
"P61289",3912.23,2885.565,2786.07,2801.97,2728.01,3708.305,1791.56,2346.4,4044.89,5084.5,6003.77,1839.76,3970.69,1904.45,2636.49,1144.47,2566.76,3065.09,4155.31,2107.16,4597.37,0,0,0,2317.52,1274.68,2639.17,0,0,1395.03,0,3344.98,1229.07,1592.6,1796.61,1019.2,1950.29,4025.69,3375.5,3185.77,1458.88,2778.195,1953.95,3055.17,636.097,1879.87,1935.96,0,1564.6,0,2149.06,-0.786304732258415,0.00179374798543588,0.0181527296126111
"P61626",3324.18,15638.35,46578.7,4339.4,11220.2,58859.8,36362.2,56249,99341.3,114286,45492.8,10537.3,35992,45822.5,38091.6,4019.53,108430,0,12311.5,2353.24,49027.9,0,1056.99,25410.35,635.624,0,2017.53,0,0,0,1603.23,6618.34,0,15005.9,18131.9,2770.23,0,4385.9,16897.2,14366.4,2070.48,580.233,18841.3,1633.1,1188.64,31793.1,10407.9,0,2513.82,1077.94,5294.73,-2.56662698828341,0.000801999427263201,0.0101569975191111
"P62495",9350.44,9436.225,7787.9,6307.48,5137.43,4959.91,5139.15,6628.08,9154.04,11656.6,13431.3,3783.94,8869.69,11131.5,12392.3,3905.25,8799.985,1787.07,8649.04,6816.9,4838.17,3500.33,2986.16,3320.67,5253.84,4659.42,3576.61,1360.98,1985.2,8768.93,4243.6,7588.9,3730.3,4356.32,6092.74,4060.32,6781.33,11872.8,8337.77,5280.45,2829.01,8291.715,7145.68,6264.68,4227.21,6225.23,5272.77,1900.12,2467.94,2269.87,6989.43,-0.666461931664846,0.00134005181996867,0.0148843804588715
"P67936",40763.2,46625.1,50349.6,57343.2,21234.6,14701.85,42740.3,27059.4,37514.7,52648,23536.7,69142.3,27210.8,8052.7,22339.6,56125.1,29771.05,24283.7,9586.52,9611.3,17137.5,4408.55,4350.74,16153.65,11125.4,3568.37,6950.48,2524.11,11542.5,8170.33,10214.4,5139.3,8091.4,16146.1,15485.8,11702.4,13210.1,18395.8,35282.1,49134.6,11005.9,13496.75,23099.9,3983.55,22317.2,13213.8,25360.3,6228.32,8949.15,12125.9,20693.1,-1.40793805424191,3.69939723807365e-05,0.00122971204541514
"P84095",0,1933.05,791.568,1370.81,1242.41,982.215,1849.31,1113.03,5063.83,5342.45,1581.33,2702.62,5065.95,3886.94,2214.26,4845.23,2861.385,0,0,806.052,0,0,283.697,1340.844,539.339,799.852,552.914,0,0,68.6118,0,1580,1035.11,0,1726.01,1770.87,1269.86,754.196,4874.44,5185.86,1579.63,907.656,2017.56,842.694,1415.29,675.503,1495.46,1236.58,0,272.069,140.211,-1.36928114560361,0.00275584767149573,0.0243691850407603
"Q01469",1744.99,4204.335,0,1272.88,0,1062.359,949.538,1725.08,1523.44,3123.4,4682.59,4242.77,1293.12,3186.04,2217.73,4042.23,5758.285,0,0,0,0,0,0,964.814,0,0,0,0,0,0,0,2020.52,1718.1,0,2966.36,920.386,0,1057.9,580.409,1103.77,685.416,624.06,0,1779.72,524.096,1197.8,0,0,0,0,0,-2.34569642109816,0.000255202166274975,0.00458462757811838
"Q01518",19202.9,38378.15,72286.2,37312.2,23661.1,41806.95,54706.4,42449.6,56868,56486.6,41690.8,37321.9,53104.1,35888.1,31288.9,37658.7,69152.75,13167.6,15959.4,18671.4,19250.7,10988,15265,22848.5,19055.4,18774,9479.64,7349.38,5059.64,17073.6,14706.6,19380,17469.2,6430.64,41520.2,16089.4,29827.3,42393.8,49368.6,22241.9,14899.3,20260.6,36363.7,43491.4,20944.1,40434.7,41450.5,11740,13049.9,12723.1,21614.1,-1.03887879310485,6.87666673891316e-06,0.000386159137242638
"Q02809",660.449,2352.18,3801.29,5485.21,728.07,3248.29,1255.49,1450.69,2833.96,1046.24,3504.67,2882.69,2568.52,3586.91,2691.19,1854.32,1974.115,0,452.115,1685.71,847.284,0,430.45,1052.486,0,0,817.096,0,0,0,0,857.393,0,1483.9,3150.87,1536.43,909.949,2371.15,2568.28,1093.43,1228.15,1520.88,1349.99,929.843,0,1080.4,0,1790.98,2012,0,1060.81,-1.47182444670587,0.000110082841537735,0.00259749875835671
"Q04941",1498.53,7249.4,0,438.794,6221.94,1684.315,597.586,154.292,7597.39,9968.28,3160.51,7999.13,7608.71,1793.78,1238.29,3191.53,1861.975,815.715,670.763,560.348,607.867,0,0,751.541,1662.42,0,0,0,0,3431.32,0,658.819,2406.53,0,756.568,0,437.369,2785.2,4568.62,6030.76,519.927,480.528,1357.49,1074.81,391.708,1873.17,1248.15,0,0,360.546,493.981,-1.87524577625606,0.00503835393666322,0.0379878540191462
"Q07666",4234.93,18877.2,14522.7,12080.3,7727.54,6118.98,12162.1,6131.42,10399.5,16711.4,10719.6,15341.5,14186.2,9422.7,17961,12710.4,8899.655,3449.44,9912.41,12296.7,9733.91,3511.55,4338.36,5261.215,6021.87,7284.5,2503.86,3033.1,2160.93,9580.61,2642.28,13579.9,5412.8,2894.19,11680.9,5769.68,10315.4,20077.6,12561.4,14053.3,8598.95,7130.555,6914.87,7449.82,4273.97,6653.06,10789,1486.22,13311.7,3571.41,5146.23,-0.645582678158898,0.00239650088972813,0.0223240928002027
"Q08378",0,1280.12,0,0,0,0,474.776,879.513,1189.94,913.371,960.548,1255.34,129.793,0,0,0,0,0,0,0,0,0,0,0,0,0,0,0,0,0,0,0,0,0,0,0,0,493.479,268.73,0,0,0,0,0,0,0,0,0,0,0,0,-4.21618366893542,0.00731435390172975,0.0490568006899518
"Q12965",2880.82,2096.405,2013.17,2899.1,220.456,3016.78,1197.05,696.72,3252.08,880.495,1883.99,2564.01,1960.92,0,565.41,759.872,1227.782,0,0,608.985,0,0,304.059,1254.955,1168.67,0,309.493,0,0,226.102,0,839.672,272.435,0,397.752,0,276.173,664.739,2233.53,1157.06,1209.03,2035.37,1262.34,297.659,1536.64,0,1227.19,0,0,176.104,0,-1.68745830418392,0.000431553935909087,0.00644902673142481
"Q13045",3186.73,4739.67,7777.28,3066.62,1751.54,2460.82,5461.04,3780.88,4766.37,7658.6,8427.59,5431.36,6393.44,2044.16,3961.52,6652.56,2985.305,614.745,1041.2,2888.58,2265.15,1072.58,2071.84,2531.54,709.873,631.783,2351.11,1102.66,2335.66,866.096,1006.84,1575.96,1645.72,6321.19,3803.79,5063.75,6575.24,5373.99,7203.72,4612.51,5707.32,3907.135,3162.15,3379.63,3599.68,1573.56,2220.43,4757.5,4142.68,2307.22,1323.29,-0.691542968207622,0.00541628718847636,0.0395428836421827
"Q13418",5805.175,3586.03,1141.23,2813.94,5440.06,2618.045,3943.72,1911.34,7701.51,13606.1,3861.7,6845.6,7240.05,1263.17,3106.83,6388.8,1936.72,3018,834.792,2622.29,886.224,1801.86,939.002,1993.65,446.892,247.127,386.609,230.33,118.042,421.161,1921.87,1542.6,595.783,3490.67,4012.74,403.526,942.667,5154.97,3534.63,7766.31,5737.72,3092.885,5913.97,1545.02,1090.12,661.289,1983.49,2671.87,214.705,2178.85,1841.42,-1.17332675421627,0.00472883720012938,0.0363768996780223
"Q13488",984.76,987.186,2331.66,0,0,921.288,1638.67,1002.81,2074.44,2134.33,1507.28,835.876,5995.57,0,0,950.035,505.018,0,0,0,1799.24,0,0,456.635,0,0,0,0,0,0,0,0,0,0,1243.91,0,0,0,521.554,0,798.132,0,0,0,0,0,0,0,685.232,0,0,-2.99014554030834,0.00540323389334338,0.0395428836421827
"Q14019",5827.805,7329.48,7193.81,2602.37,4573.13,3138.515,22858.4,7195.92,15743.7,30437.2,10112,8151.89,17919,7898.94,11670.7,21011,6749.495,1820.99,2149.99,1313.07,7916.89,370.6,1917.79,2509.44,459.809,0,878.384,0,822.912,20.9678,2034.14,2464.04,864.854,1475.4,2764.78,4397.37,4299.48,2985.87,20347.3,11361,3281.78,1964.955,8018.57,2532.46,1108.62,6842.01,6972.12,0,1921.4,839.456,2586.95,-1.80158857624195,0.000721623026414703,0.00951717123539206
"Q14764",22973.15,16403.1,33385.1,31300.5,9741.15,15708.65,21862.8,57966.2,21072.7,18685,19336.5,40669.1,19071.7,14708.9,24978.4,29963.8,18741.7,6148.04,11436.7,9776.4,10514.7,7889.25,1399.22,7824.85,3508.8,963.916,8605.79,1915,5915.63,2874.19,2872,6385.81,2284.26,9722.27,9870.63,44287.8,20643,6832.85,25954.1,19987.9,7612.7,6804.69,18737.4,6634.96,19469.7,18847.1,7033.4,4862.02,12614.4,5793.18,6853.64,-1.28086540672485,0.000118366495253924,0.00270180571385401
"Q14974",13566.95,23943.5,8352.98,4932.39,13493.7,12249.69,28129.4,16913.3,10602.4,24679.4,18079.5,11844.8,41033.8,38136,15657.6,12431.1,14511.05,8400.6,19910,12396.1,6054.25,3063.39,2917.71,4730.17,7676.75,3277.23,10644,3967.34,1963.13,10848.2,3019.53,9173.55,13890.9,5664.98,23663.8,15815.9,5044.34,16928.4,10358.9,10962.8,12066.9,20986.15,16461.7,20857.4,18686.5,7484.26,9280.51,4401.78,10930.4,5832.68,9926.54,-0.829412107710203,0.0064015882815438,0.0441041346961429
"Q15080",444.35,1156.71,1925.59,0,1708.36,1015.0575,2128.24,1246.4,8742.86,2936.89,2093.26,0,3119.91,1985.33,1474.39,2118.97,4475.42,0,0,0,404.195,0,0,579.018,0,0,0,0,0,0,0,935.691,0,548.187,1020.09,1354.22,0,646.029,418.064,829.842,0,0,1488.93,0,0,930.837,0,0,0,0,0,-2.99808114748372,0.00157871481379844,0.0168766837137044
"Q15642",0,576.8745,0,0,930.125,0,256.854,0,602.868,1654.03,1194.09,1374.52,1231.49,0,324.989,1323.14,991.201,0,0,0,0,0,0,0,0,0,262.721,0,0,0,0,0,0,699.277,966.532,0,0,1289.28,0,1120.47,0,0,0,0,0,0,0,0,0,0,0,-2.26971280961765,0.00476933734100013,0.0366265805243079
"Q15691",7896.935,10807.075,6184.33,5693.01,2148.72,3698.395,6423.19,6761.35,9177.37,15214,9716.76,11975.3,11419,11600.4,9138.23,18011.4,9359.31,6014.66,15567.8,7035.28,6651.65,0,0,1475.356,0,3969.6,3259.49,0,0,3229.17,1301.9,5004.68,2776.04,4560.84,6876.97,4666.56,2408.21,7594.38,8184.49,9939.16,8965.52,2843.325,5325.68,8383.43,3990.49,3229.18,6134.59,1406.93,3647.1,2096.65,2661.7,-1.05710326953925,0.00023732271674161,0.00437557753862872
"Q15758",1220.415,3907.91,0,3437.21,0,0,957.586,995.63,1831.24,3567.43,1474.35,663.037,1970.04,0,1638.49,431.877,990.239,758.529,580.175,1096.45,867.931,0,0,0,0,0,0,0,0,0,0,0,0,0,0,0,0,4327.3,0,0,0,0,0,0,0,0,0,0,254.346,0,0,-2.54985066364082,0.0027362694888773,0.0243691850407603
"Q15833",3168.945,1445.81,2155.74,0,894.308,1137.0315,1373.58,503.41,3910.16,6073.09,2434.35,2504.06,1795.67,3777.45,3807.39,3045.04,2195.455,0,138.702,0,597.78,0,0,0,0,0,0,0,0,2403.62,0,594.833,0,0,1482.53,841.132,799.438,0,1746.55,1966.26,0,693.49,1275.27,930.588,0,0,1165.42,0,0,350.05,1106.74,-2.32158673639694,8.75169314726694e-05,0.00222654807780188
"Q15904",2404.35,0,3159.43,2021.36,0,649.5065,613.617,1573.02,2136.77,0,0,0,3694.91,1184.51,2061.6,0,0,0,0,1475.33,0,0,0,0,0,0,0,0,0,0,0,0,0,0,2346.56,598.506,0,0,0,0,0,1368.24,0,0,0,0,0,0,0,0,0,-2.75211023060238,0.0057725370335006,0.0408967342101863
"Q15942",5069.105,13870.85,4653.95,7947.14,16576.6,3917.165,8023.71,3744.63,23335.5,10870.6,5584.27,20134.1,9254.17,3074.22,7438.4,8612.22,13717,0,1759.91,3586.75,6903.72,1402.72,1413.85,3066.19,5696.05,0,3490.6,871.582,1210.87,4836.55,2030.66,6221.68,787.697,865.092,6910.15,3068.88,5127.01,7277.85,8874.21,12864.6,13187.7,4247.565,7681.96,4935.94,833.552,4317.04,4345.14,2735.95,11728.8,2380.81,3810.45,-1.15946331101881,0.00232135953003655,0.0219325130700964
"Q16512",0,1358.545,0,0,1329.97,0,696.28,702.387,2870.13,2354.71,0,526.831,2485,0,738.949,978.305,684.558,0,0,0,0,0,0,0,0,0,0,0,0,0,0,0,0,0,0,0,0,0,412.748,2103.87,529.64,921.322,0,0,596.177,0,0,0,0,0,0,-2.69003890493938,0.00615080308583361,0.0429612841301936
"Q16658",7376.92,23315.15,4585.36,16570.4,14435.5,9583.92,6011.78,10677.8,11321.4,15722,4488.11,14714.9,15970.5,1825.72,18130.1,26892.4,3379.44,7339.05,15358.4,1716.16,5205.35,1105.95,1132.83,957.892,1708.47,498.933,4633.23,2250.49,497.594,1009.64,657.062,4221.46,3577.04,2696.65,4170.96,5569.3,3061.93,8863.61,10515,7241.46,19369.8,6185.37,4932.02,4196.5,1762.05,2667.57,5794.77,3495.23,4598.73,3479.34,1996.06,-1.42714714225476,0.000523557153673723,0.00739394495484869
"Q16666",4366.08,7697.5,1364.59,2638.8,0,10367.04,3727.73,15904,4577.05,11111.5,8640.06,1973.78,9885.23,2218.95,11074.4,4043.8,1286.28,0,0,0,314.968,628.665,0,1834.76,0,0,0,0,0,0,0,0,0,0,0,243.376,0,3177.55,3656.49,7249.33,958.672,342.433,5648.43,0,0,715.52,684.477,0,0,305.042,647.842,-2.93357163572231,0.000248838196229321,0.00451477747262282
"Q2TAY7",726.3485,3328.445,3964.75,2491.32,2111.31,2725.945,5380.58,3663.45,7883.77,4979.82,3971.39,3012.02,5034.5,3582.18,1074.59,2481.96,5192.81,870.23,2558.11,3712,3149.76,1254.47,0,1719.635,2217.42,981.433,1589.47,823.194,0,1810.5,0,1257.24,1791.53,1227.95,4239.6,2192.18,3825.62,6544.99,4046.53,3572.61,1859.33,3293.655,2348.03,2361.09,0,2188.91,3202.81,0,1318.98,4055.41,3308.19,-0.748827820180287,0.00621862010313924,0.0432654307195997
"Q32P28",1291.54,1394.706,0,892.605,0,1747.125,390.431,1492.19,1989.15,1887.52,3257.79,2276.13,3110.88,850.333,1013.42,361.63,924.665,0,286.164,386.633,0,0,0,0,0,0,664.301,0,0,1438.68,0,0,0,722.425,775.798,707.065,225.95,2453.2,838.286,1277.5,759.507,1467.255,2478.58,1117.75,1485.6,0,334.583,178.392,0,620.788,0,-1.32869352718135,0.00484462342879907,0.0368936707270083
"Q5BKX6",7109.63,30494.5,0,2634.06,7506.8,6638.295,7079.14,12999.8,9619.24,17044.8,17966.7,21805.9,11260.4,8593.22,16321.3,13244.8,24362.85,0,7603.9,5139.77,9029.38,1920.64,0,6134.565,0,0,2362.82,0,0,0,0,11936.2,5276.15,2283.84,14133.1,5999.88,4481.42,7264.14,5270.9,11775.7,10543.5,3426.605,3810.97,4750.29,2947.19,7239.37,3569.17,0,2542.67,4623.03,5758.8,-1.51892869201993,0.000666275071580584,0.00900361031447472
"Q6NUK1",2015.97,6971.535,596.326,3892.45,1106.39,3784.07,6205.6,2911.95,4343.09,11386.5,11028.8,2902.49,9818.46,0,5269.08,3914.16,3284.39,9966.19,2857.54,2437.42,0,0,0,0,0,0,481.552,0,0,0,0,3298.19,0,0,5411.06,2538.1,6081.92,3343.13,4455.61,5217.81,2231.34,0,0,3007.11,1381.78,1758.24,939.55,0,0,0,0,-1.51965057755503,0.00313451849427537,0.0268824806458193
"Q6NYC8",832.1505,1132.152,1020.96,619.374,1463.91,77.9585,1616.98,0,2595.86,2963.42,551.099,1384.54,2804.08,758.483,979.219,3499.07,947.149,0,369.75,0,975,0,0,783.605,0,0,0,0,0,665.894,0,0,0,0,0,0,0,678.923,1782.19,2091.69,0,200.5385,0,0,0,0,575.631,0,738.417,626.951,0,-2.29274207573032,0.000496981813158766,0.00711715464504723
"Q6P2E9",1850.01,2455.01,2674.92,1650.68,506.855,1291.31,790.375,2239.32,1686.87,3057.96,5235.02,2842.1,3249.58,3909.2,2475.41,0,2076.625,0,2586.59,1379.63,484.197,0,0,347.895,1622.86,886.399,780.631,0,1211.51,0,565.703,0,0,1682.53,2400.07,2244.01,957.609,2336.13,2779.21,2070.72,4458.44,1328.22,1347.32,4132.03,254.045,623.65,0,0,260.14,0,587.162,-1.02545898458538,0.00452500454197475,0.0354069943026684
"Q6PIU2",1930.195,6274.76,6094.63,2251.03,8997.46,3309.965,11236.8,8143.21,10287.4,23557.2,9617.87,5315.85,37801.4,7135.19,17274.9,2248.21,3268.245,3574.02,1518.08,0,2495,0,0,1247.6305,0,0,0,1240.5,0,0,0,1611.67,826.851,247.804,2213.13,356.353,1724.25,2285.97,6012.21,2199.8,1580.68,2797.58,2684.31,0,0,2646.03,0,1232.13,1167.78,0,0,-3.05440740457308,0.00149752708497772,0.0162374722499727
"Q6VY07",1185.1965,1683.865,905.463,0,922.447,820.469,671.531,1090.84,1740.68,2751.48,2153.48,1850.26,2045.57,1003.57,0,874.626,875.292,1144.76,0,0,0,0,0,472.645,0,0,208.429,0,0,210.399,0,0,0,0,2025.17,254.577,316.695,596.906,1303.32,1454.45,290.035,1838.9,0,0,0,1178.77,535.863,263.797,0,0,0,-1.76649937484546,0.000290203201376217,0.00497204380574807
"Q8IY67",1126.59,2229.56,0,0,0,588.1665,0,2343.69,1221.16,3707.3,0,2335.94,3457.08,1627.28,1776.77,1659.71,0,0,0,0,0,0,0,0,0,0,0,0,0,0,0,0,0,0,1367.88,0,0,1362.18,2013.56,1216.72,0,1318.68,0,0,0,0,0,0,0,0,0,-2.60048270113097,0.00269347727691244,0.024193482286113
"Q8NBJ5",6720.975,5480.275,5706.15,11587.3,8753.1,3971.04,7392.52,8119.47,11405.6,11013,6883.29,9555.3,13987.8,9320.19,11138.8,8998.88,4715.85,0,436.339,10978.3,4871.11,0,1196.65,4045.91,1326.78,1728.47,4641.41,1135.33,1053.07,1321.62,2746.64,1900.92,755.664,1758.82,3390.18,5855.18,2275.42,6367.83,8497.62,4909.27,5894.69,10759,4891.17,1885.66,1581.26,3268.46,6386.03,2387.17,6443.64,1943.1,0,-1.31158627284865,7.00790174272807e-07,9.97312016761988e-05
"Q8WX93",1672.38,9209.855,3275.45,2690.21,12368.3,821.79,3365,5422.73,17065.8,4093.13,1565.58,18509.8,2826.16,0,322.067,3822.41,8107.46,0,0,0,0,0,0,273.907,282.023,0,0,0,0,0,0,2183.43,0,0,0,0,0,1463.24,4991.08,13983.8,898.002,1044.425,6279.98,0,439.229,1486.42,2822.2,612.63,748.997,0,2461.67,-2.25106868934345,0.00622284960942859,0.0432654307195997
"Q92598",2245.815,5322.1,2591.74,5681.54,945.93,4359.45,1376.79,3873.54,3067.9,5609.18,4699.12,4831.46,3005.86,4078.5,2301.43,2422.25,4198.58,1622.86,2766.62,4009.08,1944.58,0,1599.62,952.903,1838.81,0,1823.88,0,1504.54,733.532,1455.82,2805.35,0,0,3327.84,2038.08,1166.72,3177.32,3353.85,5820.25,2596.92,1637.54,1242.11,1788.2,1233.98,1203.04,2552.82,1536.04,1279.75,2720.63,1571.73,-0.983593071565671,0.000202161187528465,0.00387821981246839
"Q92643",1450.76,1464.955,1458.56,1357.74,0,0,860.01,998.61,650.157,1949.32,1643.64,976.333,2098.43,1128.36,1000.3,0,1709.875,937.406,995.582,0,0,0,0,0,1366.23,0,1104.64,0,0,0,0,0,1166.37,0,0,786.914,270.169,2454.96,1356.05,1407.99,636.528,1643.8665,1308.38,728.198,0,0,0,0,0,0,0,-1.21394328871196,0.00284549514145818,0.0249199709119242
"Q92882",474.4795,856.1015,312.019,371.305,144.273,1281.31,4459.9,1086.82,4105.07,2243.79,1654,511.558,5256.45,2749.58,2109.91,708.077,1684.72,0,0,0,353.999,0,23.5466,372.1605,0,0,0,0,0,0,0,518.228,0,55.5436,686.996,681.79,4812.21,828.42,2387.21,1354.78,0,1277.1065,2602.09,0,179.783,113.058,1039.86,0,0,0,0,-1.79574343153611,0.00604323411300773,0.0423398279240573
"Q92974",1476.34,7574.465,1554.69,0,1308.54,1286.135,287.79,1651.42,3958.3,5445.43,2162.06,5963.04,4829.56,9540.81,1512.61,2186.47,1648.8,0,1238.12,66.6739,0,0,0,0,0,1268.37,874.172,0,0,3052.56,0,1068.8,1715.46,758.123,2580.43,1292.01,0,4921.95,3323.31,1039.62,1912.71,1730.3,0,3934.37,1267.36,0,0,0,0,0,0,-1.70912446937069,0.00576318243066642,0.0408967342101863
"Q96C19",4904.535,16614.8,1338.11,5915.03,5500.58,2439.775,9879.89,6473.43,13817.6,15115.6,7885.34,4356.18,21500.4,4566.23,7460.32,9460.64,6747.835,5249.61,2407.25,1909.83,5191.75,2201.86,1724.34,1575.77,1322.37,858.482,1826.39,2605.87,1459.67,1203.37,1099.6,1510.69,2595.55,3766.6,4733.81,5497.08,4982.82,3869.81,6135.82,7098.32,5041.92,5992.28,3721.81,4201.44,0,4857.07,3375.79,466.322,3590.21,1296.21,2463.74,-1.44403556240293,0.000906019736990919,0.0110321226798306
"Q96CX2",2305.77,9875.23,4374.48,1803.27,5488.03,1923.92,12184.8,6697.37,10658.5,13838.2,4312.5,6784.61,25823,1586.54,2681.75,8691.45,2161.04,2021,639.223,816.206,1515.45,0,378.755,1678.48,0,0,198.127,0,0,0,0,2166.37,601.928,935.657,4799.13,3838.33,2171.47,324.346,12722.3,8669.81,2475.71,1748.285,11372.8,826.786,0,2563.75,3487.49,0,0,0,1237.09,-1.85099005876609,0.00418554470784626,0.0335580468301617
"Q96JJ7",3910.22,4845.725,2384.97,507.165,0,0,2139.33,2843.5,3839.33,8770.92,4431.55,9303.32,2577.81,248.408,0,0,2049.43,0,0,0,0,0,0,0,0,0,0,0,0,0,0,0,0,0,275.308,0,0,214.432,4215.26,2153.32,1700.3,0,0,0,0,0,0,0,0,0,0,-3.48311941716393,0.00209554886248912,0.0203045308931393
"Q96N66",0,904.468,0,2451.86,1172.91,1072.9,46.1748,1231.28,0,3226.65,1359.05,3138.08,0,432.094,0,2357.97,1706.03,0,0,0,553.763,0,0,1166.77,0,0,0,169.275,0,0,0,0,0,0,0,0,0,1334.35,0,1540.68,1028.02,1003.888,0,0,0,840.051,0,0,0,0,0,-2.32249278321713,0.0051013855171629,0.038147306478095
"Q96PU8",4323.79,5787.035,3529.29,1900.72,3244.95,2077.885,3319.1,2848.81,3598.66,4344.84,3862.66,8666.62,6234.8,2632.29,5168.96,3414.14,1486.3825,0,1967.24,508.312,1384.62,0,0,1076.35,849.034,2341.92,0,633.581,0,1174.5,632.884,0,0,1602.87,4111.38,2726.53,1404.69,5932.51,5673.52,3125.45,5509.54,2384.505,2512.56,429.921,0,2218.34,1318.65,0,515.14,1650.06,368.296,-1.35210755459887,7.54571419770832e-05,0.00199785944513742
"Q96TA1",2536.115,2602.92,5163.25,2783.96,1564.91,2564.915,4249.38,1243.24,3997.39,3912.05,8160.82,5679.56,5350.63,1825.98,3192.33,2241.68,2175.7,1441.1,659.432,641.8,0,0,0,975.283,475.92,1118.81,0,0,0,701.662,0,882.377,0,0,1603.57,0,1951.51,3715.5,3299.38,3135.9,1882.9,1908.595,2724.39,1064.84,2468.89,2259.52,0,412.343,2017.59,1687.4,0,-1.67804489478348,4.73496768219089e-05,0.00146687366154404
"Q99439",1429.95,8347.865,1723.63,2144.04,4818.59,1220.045,4355.98,2234.82,10505.6,5025.49,1455.89,16746,7445.5,1899.85,2612.97,5046.64,4887.525,565.512,1207.27,0,1063.18,0,0,0,0,467.922,453.945,0,508.291,850.991,0,843.288,0,0,0,0,0,1450.8,4558.79,9952.89,2474.61,1241.71,2396.8,1150.26,0,1500.65,733.039,1055.97,538.361,0,0,-2.31078009452317,0.00148784995735726,0.0161710470305607
"Q99615",1022.83,1572.18,1036.24,952.86,0,673.1425,0,2709.81,1818.73,1451.15,2670.08,764.528,2621.69,316.427,1578.14,0,492.519,0,678.494,706.144,0,654.063,0,0,0,584.35,1315.76,0,0,0,0,0,0,0,2003.31,0,644.082,0,895.289,917.838,0,1122.11,443.504,0,496.005,655.39,0,0,0,0,0,-1.8240724191873,0.00213927871031456,0.0206842361927229
"Q99707",0,7632.735,0,0,0,1660.97,7004.95,8940.34,8508.57,16858.4,1278.82,15069.7,3382.94,0,3162.45,0,9911.595,1395.64,0,0,2193.78,0,0,0,0,0,0,0,0,0,0,0,447.714,0,1552.98,0,0,1343.95,7323.88,3489.71,0,1363.11,0,0,0,1715.25,0,0,0,0,0,-3.00185904300917,0.0056928350934095,0.0406350642874402
"Q9BTV4",1686.94,3225.275,1995.92,4211.75,2041.47,1260.07,2696.26,1341.15,5065.2,7743.28,2178.76,5280.27,10934,2995.31,1932.87,5693.14,2730.5,2138.51,420.003,836.76,0,0,0,1544.785,782.964,0,1626.42,0,0,996.276,0,1568.94,519.147,4119.93,2874.63,1188.92,2344.98,4557.69,6363.86,5426.09,3524.1,2198.755,3199.53,1228.42,292.803,0,4340.09,0,0,0,1806.68,-1.22533753148642,0.00556198783053315,0.0403017989352116
"Q9BZF1",1091.51,1177.89,1377,808.923,0,610.474,0,870.833,1352.84,1904.53,0,919.54,2797.91,1573.9,0,806.287,1050.889,0,777.018,0,244.079,0,0,346.43,0,0,766.804,0,0,225.034,0,0,0,0,0,981.562,847.732,666.442,2749.22,1203.06,0,0,0,0,0,1277.85,0,0,0,356.702,0,-1.6462421855529,0.0039101362362412,0.0319690492277243
"Q9H299",13597.95,21617,4840.29,25371,17211.3,15588.6,34065.1,12669.1,37666.2,40446.5,18631.8,29639.3,58287.9,18802.2,13152,47894.2,21954.85,861.327,3043.84,2159.62,12842.2,1345.19,5285.16,10336.195,5369.09,2257.19,4252.58,3629.27,3389.68,4456.82,4948.46,1141.41,5536.6,5519.94,16584.8,6595.81,8654.02,8579.53,32662.7,25128.2,14266.1,11350.65,9126.14,28130,7876.52,9871.7,12014.9,6729.25,5071.48,4077.42,11200.4,-1.5518851186131,0.000178244617338822,0.00352924342330868
"Q9H3Y8",0,2021.115,4526.96,0,828.113,1886.84,1169.74,1103.87,4335.27,1974.51,220.299,1030.55,2741.63,2860.44,402.156,0,1884.35,0,0,0,0,0,626.473,1752.88,0,0,220.283,0,0,0,0,2206.9,0,0,1810.09,0,0,1782.61,0,0,543.531,0,0,0,0,0,1818.41,0,0,0,0,-2.32636687499623,0.00217890349867821,0.020934022221478
"Q9NR12",6714.485,18483.65,5171.27,13225.9,39655.2,7693.3,8487.83,4033.9,37903.6,10950.8,7087.76,22921.9,7018.67,3667.85,3176.57,22313.1,13493.15,2105.08,1030.93,1671.97,0,0,0,3203.935,0,0,0,0,2262.47,0,1082.08,2071.71,554.015,4389.69,0,2184.52,4043.65,3676.58,15921.5,28097.5,2720.62,4452.095,13124,863.424,5980.23,0,2280.79,3249.72,0,0,3180.77,-2.1011208152648,0.00171857332765496,0.0177067487197753
"Q9NUQ9",2404.97,17830.95,3414.12,4887.95,2079.23,2092.115,11185.4,3947.51,8987.25,15114.7,6388.65,9847.48,15180.9,3310.31,5668.4,2755.04,6079.9,3281.1,1283.72,697.567,2156.49,0,0,2413.605,3414.38,811.744,0,0,0,1878.31,0,2026.55,0,0,6566.16,1945.46,3109.08,5166.81,10574,8008.63,1769.3,3188.775,3218.09,2584.98,0,2514.26,2926.06,878.579,1084.21,306.94,771.778,-1.7395146540914,0.00101437611131949,0.0119675357796605
"Q9NVZ3",845.384,5719.77,379.615,2698.48,5998.78,0,1034.82,3628.3,3310.73,6791.31,3188.84,4773,9709.8,2960.74,1256.58,5953.15,3256.44,0,2409.88,0,2576.32,0,0,1782.29,1632.17,0,0,0,0,0,0,2924.33,0,0,1375.89,2327.49,2770.66,2134.34,5786.35,2177.13,3440.68,1912.345,3548.4,0,690.649,0,2176.84,0,855.612,2211.09,0,-1.52538845795644,0.00229490508382512,0.0217488524824968
"Q9UJ70",11499.75,13577.5,10351.1,2308.25,7964.39,2728.795,18822.9,5955.3,14276.9,23329.2,8810.11,9992.4,31992.2,10865.3,10943.5,14096,7294.465,6380.18,8719.25,1148.92,15554.4,0,882.622,6705.03,2114.35,674.617,3355.16,1149.79,5425.53,5786.05,2660.01,10793.7,3031.5,463.878,6315.97,7595.49,8309.35,6880.11,7137.05,16301.8,8712.8,4989.655,7198.59,13209.2,2432.85,13404.8,9288.67,1849.24,1334.42,7308.78,5320.62,-1.01681815011064,0.0046066134758703,0.0356777513080159
"Q9UK76",251.947,1551.9,0,1422.28,419.505,1285.6075,1171.21,1068.23,1586.55,2345.6,887.498,1482.63,2245.99,1066.26,774.762,3509.12,1409.42,0,1466.89,1304.37,641.863,0,0,0,0,0,0,0,0,0,0,729.924,0,0,1582.79,1663.89,0,1508.64,0,1454.27,0,0,578.83,0,0,1789.58,200.032,0,0,95.9082,0,-1.78815080348574,0.000387281290031015,0.0060399965575385
"Q9ULV4",6247.7,9471.365,3193.3,7108.25,10650.2,5694.38,9962.97,2959.42,14117.3,17985,7795.25,10995.7,17336,5303.94,9105.32,7307.49,10578.875,0,3655.41,6584.55,2903.54,2721.42,3004.7,4871.9,3674.91,3260.61,3627.28,1861.66,1372.28,3621.55,977.183,4675.03,2467.85,3164.57,9714.87,4073.53,9203.92,21111.6,11092.6,9391.5,4785.62,4299.19,5470.41,7530.76,8338.5,7054.81,7010.81,3895.81,3354.97,1592.39,2923.08,-0.846632085860156,0.00267169667329534,0.0240928844558158
"Q9ULZ3",2809.515,20762.9,4431.55,5195.73,3204.4,1804.89,7980.63,8299.99,11153.6,25970.1,7478.75,6082.05,25196.8,2019.11,8399.36,5460.84,7198.215,0,2267.17,7195.57,4620.3,5578.3,0,868.701,906.474,366.996,0,0,456.961,2110.99,0,1076.76,0,0,4137.49,1969.74,2231.71,5432.77,9076.03,7486.45,1573.9,3904.77,7377.35,2123.57,0,9077.96,1456.43,0,568.616,991.879,1730.05,-1.85924709883423,0.00300252141449002,0.0259124661219107
"Q9UNW1",2140.875,0,0,2872.09,0,1285.71,0,1828.51,850.061,1086.37,1824.93,1074.08,1872.84,0,1479.94,606.134,1429.42,0,0,0,0,0,0,0,0,0,0,0,0,271.721,0,11.0194,0,0,0,1694.89,0,1852.31,1238.49,0,1145.51,1729.745,0,0,0,1703.38,2635.71,0,0,0,0,-1.57921895019393,0.00745481765615951,0.049633391237062
"Q9Y371",1388.285,2335.175,1324.9,0,1187.94,793.241,822.449,1031.69,2163.3,3752.61,2854.18,3849.78,1865.67,2895.42,0,1711.33,1727.665,0,1491.73,648.309,770.649,0,0,923.9005,0,0,0,0,0,0,690.156,0,0,0,2430.35,1166.34,1406.68,1027.75,1378.47,2378.1,779.744,528.9115,764.191,1552.04,0,709.082,0,0,0,475.843,810.391,-1.57550690749653,0.000802924705068074,0.0101569975191111
"Q9Y3F4",2322.38,5670.825,2915.22,3274.44,1396.9,2915.495,1669.31,3522.69,4892.19,5864.21,5691.1,4263.99,4068.38,2738.72,3536.44,2640.16,1516.91,1608.07,1358.02,2735.59,635.616,0,397.419,1521.37,2590.82,1598.23,1032.2,1525.52,424.586,1444.41,823.985,2587.08,1591.33,2820.61,2128.63,2896.04,3469.15,6373.85,3759.45,5066.51,2196.43,3927.415,2164.35,1860.97,1272.1,2060.31,3875.78,1299.5,1997.4,2036.55,2166.13,-0.685513386785196,0.00377025012123721,0.031104563500207
"Q9Y490",22049.85,32998.15,26007.2,9189.37,36378.1,20921.95,41372.3,16866.4,34958.6,31939.8,17429.8,30342.2,24979,18559.1,13764.6,47620.7,18637.45,11662.6,13209.4,8572.6,23369.2,7292.38,6344.66,11348.55,9305.8,12907.7,7024.35,3847.84,3397.08,14360.8,14535.9,11000.7,13740.6,17768.1,14883.1,14148.4,14840.2,26108.3,31788.7,25392.2,18769,21113.35,16461.9,14751.2,26330.9,19021.5,23364.8,8078.58,8496.78,9116.66,10963.8,-0.848090171544578,0.000369711815561729,0.00588031880951494
"Q9Y6E0",1805.52,0,2482.46,2373.77,0,0,0,1792.85,1674.56,4028.2,0,2053.81,2194.1,2640.24,1731.65,1090.26,2502.9,0,0,1712.05,0,0,0,0,1317.95,0,0,0,0,0,0,0,0,0,1988.43,0,0,2269.17,2007.16,1462.65,1013.41,1366.59,0,0,0,0,0,0,0,0,0,-2.00523419740298,0.00127613695372979,0.0143141076041514
"Q9Y6G9",1623.6,1440.915,2744.66,0,159.399,303.774,266.918,0,2486.66,1991.47,967.181,2177.44,2290.54,2930.57,1489.55,1765.23,862.4715,1466.23,1533.74,521.43,561.213,136.743,0,129.5725,0,196.871,636.025,165.989,0,504.492,0,614.902,87.5579,0,734.871,487.984,966.905,2570.4,722.904,877.547,819.324,770.9875,582.802,709.547,0,582.879,0,519.402,888.766,0,0,-1.40169177641129,0.00317463591418698,0.0271753608142999
